Date,Customer_Name,Item_Name,Vrh_No,Quantity,Price_per_unit,Amount
2019-01-04,customer1,Item_1,1,200,20,4000
2019-01-04,customer7,Item_3,10,15,33,495
2019-01-04,customer7,Item_1,10,50,20,1000
2019-01-04,customer8,Item_11,11,80,30,2400
2019-01-04,customer8,Item_7,11,624,21,13416
2019-01-04,customer9,Item_2,12,60,31,1860
2019-01-04,customer9,Item_12,12,10,32,320
2019-01-04,customer10,Item_3,13,120,38,4560
2019-01-04,customer10,Item_3,13,15,35,525
2019-01-04,customer10,Item_3,13,120,52,6240
2019-01-04,customer7,Item_3,10,10,63,630
2019-01-04,customer10,Item_3,13,90,30,2700
2019-01-04,customer10,Item_3,13,170,38,6460
2019-01-04,customer10,Item_13,13,36,68,2448
2019-01-04,customer10,Item_13,13,24,68,1632
2019-01-04,customer10,Item_14,13,19,65,1235
2019-01-04,customer10,Item_15,13,12,78,936
2019-01-04,customer10,Item_16,13,28,88,2464
2019-01-04,customer10,Item_17,13,24,85,2040
2019-01-04,customer10,Item_18,13,24,75,1800
2019-01-04,customer10,Item_2,13,1200,22,26400
2019-01-04,customer10,Item_3,13,300,24,7200
2019-01-04,customer7,Item_3,10,12,58,696
2019-01-04,customer9,Item_2,12,120,24,2880
2019-01-04,customer2,Item_5,9,50,42,2100
2019-01-04,customer1,Item_2,1,160,28,4480
2019-01-04,customer1,Item_3,1,12,60,720
2019-01-04,customer1,Item_3,1,15,35,525
2019-01-04,customer1,Item_3,1,25,25,625
2019-01-04,customer7,Item_7,10,240,22,5280
2019-01-04,customer1,Item_4,1,60,32,1920
2019-01-04,customer1,Item_4,1,60,30,1800
2019-01-04,customer1,Item_4,1,20,36,720
2019-01-04,customer2,Item_5,2,74,42,3108
2019-01-04,customer2,Item_6,2,110,17,1870
2019-01-04,customer2,Item_3,2,8,48,384
2019-01-04,customer1,Item_3,1,10,25,250
2019-01-04,customer2,Item_3,2,5,48,240
2019-01-04,customer3,Item_7,3,120,22,2640
2019-01-04,customer2,Item_3,4,500,19,9500
2019-01-04,customer4,Item_8,5,40,40,1600
2019-01-04,customer5,Item_9,6,500,11,5500
2019-01-04,customer6,Item_10,7,100,13,1350
2019-01-04,customer2,Item_2,8,90,22,1980
2019-01-04,customer2,Item_2,8,80,20,1600
2019-01-04,customer2,Item_6,8,130,17,2210
2019-01-04,customer2,Item_3,2,20,30,600
2019-01-05,customer1,Item_7,121,140,21,3045
2019-01-05,customer73,Item_4,120,12,55,660
2019-01-05,customer73,Item_4,120,25,25,625
2019-01-05,customer73,Item_2,120,60,30,1800
2019-01-05,customer73,Item_4,120,120,25,3000
2019-01-05,customer73,Item_10,120,125,13,1625
2019-01-05,customer72,Item_15,119,27,38,1033
2019-01-05,customer72,Item_7,119,20,22,440
2019-01-05,customer72,Item_18,119,12,125,1500
2019-01-05,customer72,Item_15,119,60,90,5400
2019-01-05,customer72,Item_4,119,12,35,420
2019-01-05,customer1,Item_1,121,50,20,1000
2019-01-05,customer73,Item_44,120,100,23,2300
2019-01-05,customer72,Item_4,119,12,50,600
2019-01-05,customer72,Item_4,119,10,20,200
2019-01-06,customer63,Item_24,198,18,35,630
2019-01-06,customer4,Item_6,197,658,17,11186
2019-01-06,customer4,Item_3,197,1,18,18
2019-01-06,customer12,Item_33,199,370,29,10744
2019-01-06,customer12,Item_2,199,1200,22,26400
2019-01-06,customer12,Item_19,199,500,7,3500
2019-01-06,customer12,Item_7,199,400,22,8800
2019-01-06,customer65,Item_36,200,36,85,3060
2019-01-06,customer65,Item_1,200,140,20,2800
2019-01-06,customer65,Item_7,200,44,22,968
2019-01-10,customer44,Item_1,327,160,19,3040
2019-01-10,customer44,Item_8,327,984,38,37884
2019-01-11,customer108,Item_1,354,360,20,7200
2019-01-11,customer107,Item_18,353,123,70,8662
2019-01-11,customer107,Item_16,353,29,90,2632
2019-01-11,customer107,Item_18,353,48,70,3360
2019-01-11,customer107,Item_55,353,46,50,2300
2019-01-11,customer107,Item_16,353,25,90,2317
2019-01-11,customer107,Item_18,353,12,70,840
2019-01-11,customer85,Item_27,355,1650,48,79200
2019-01-12,customer68,Item_3,382,2,21,42
2019-01-12,customer68,Item_27,382,1501,45,67545
2019-02-04,customer11,Item_6,15,188,17,3196
2019-02-04,customer10,Item_1,14,850,21,17850
2019-02-04,customer10,Item_20,14,1000,7,7900
2019-02-04,customer12,Item_19,16,3000,7,21000
2019-02-04,customer10,Item_19,14,1000,6,6900
2019-02-04,customer11,Item_3,15,1,13,13
2019-02-05,customer19,Item_4,125,1,10,10
2019-02-05,customer2,Item_6,126,150,17,2550
2019-02-05,customer42,Item_27,124,500,48,24000
2019-02-05,customer19,Item_2,125,1181,20,23620
2019-02-05,customer5,Item_9,122,4800,11,55200
2019-02-05,customer15,Item_2,123,2484,20,49680
2019-02-05,customer15,Item_4,123,1,9,9
2019-02-05,customer42,Item_7,124,1000,22,22000
2019-02-06,customer6,Item_1,201,120,19,2340
2019-02-06,customer85,Item_3,202,100,38,3800
2019-02-06,customer17,Item_34,203,96,64,6144
2019-02-06,customer12,Item_3,204,30,105,3150
2019-02-07,customer30,Item_4,257,60,24,1440
2019-02-07,customer30,Item_4,257,50,32,1600
2019-02-07,customer30,Item_19,257,25,7,187
2019-02-07,customer4,Item_1,258,20,20,400
2019-02-07,customer4,Item_7,258,240,22,5280
2019-02-07,customer30,Item_1,257,110,20,2200
2019-02-09,customer77,Item_6,317,340,17,5780
2019-02-09,customer95,Item_3,316,120,30,3600
2019-02-09,customer95,Item_18,316,140,52,7280
2019-02-09,customer95,Item_18,316,251,100,25175
2019-02-09,customer77,Item_3,317,30,20,600
2019-02-09,customer2,Item_3,318,100,50,5000
2019-02-09,customer77,Item_3,317,100,42,4200
2019-02-09,customer77,Item_3,317,10,75,750
2019-02-09,customer77,Item_3,317,12,60,720
2019-02-11,customer85,Item_27,356,816,48,39168
2019-02-11,customer85,Item_5,356,200,38,7600
2019-02-11,customer85,Item_29,356,456,45,20520
2019-02-11,customer85,Item_20,356,175,7,1382
2019-03-04,customer13,Item_6,17,250,17,4250
2019-03-04,customer13,Item_3,17,1,10,10
2019-03-04,customer2,Item_6,18,40,16,660
2019-03-04,customer2,Item_3,18,15,24,360
2019-03-04,customer15,Item_6,21,1164,17,19788
2019-03-04,customer14,Item_6,19,200,16,3300
2019-03-04,customer2,Item_3,20,150,21,3150
2019-03-04,customer16,Item_21,22,60,30,1800
2019-03-04,customer16,Item_22,22,60,24,1470
2019-03-04,customer16,Item_6,22,120,17,2040
2019-03-04,customer16,Item_23,22,20,48,960
2019-03-04,customer17,Item_1,23,300,19,5850
2019-03-04,customer17,Item_24,23,80,32,2563
2019-03-04,customer17,Item_7,23,1093,22,24062
2019-03-04,customer16,Item_1,22,200,19,3900
2019-03-04,customer15,Item_3,21,1,9,9
2019-03-05,customer27,Item_9,127,200,12,2400
2019-03-05,customer27,Item_4,127,82,35,2870
2019-03-05,customer27,Item_4,127,1,20,20
2019-04-04,customer19,Item_24,26,83,35,2936
2019-04-04,customer19,Item_6,26,2000,17,34000
2019-04-04,customer18,Item_7,24,143,22,3146
2019-04-04,customer18,Item_25,24,16,38,608
2019-04-04,customer5,Item_1,25,2400,19,46800
2019-04-04,customer19,Item_26,26,12,40,480
2019-04-04,customer19,Item_7,26,240,22,5280
2019-04-04,customer19,Item_27,26,82,50,4100
2019-04-04,customer19,Item_8,26,100,40,4000
2019-04-04,customer20,Item_7,27,40,22,880
2019-04-04,customer19,Item_3,26,36,58,2088
2019-04-04,customer20,Item_27,27,40,50,2000
2019-04-05,customer76,Item_9,131,100,12,1250
2019-04-05,customer76,Item_10,131,100,14,1400
2019-04-05,customer75,Item_19,130,50,7,375
2019-04-05,customer75,Item_9,130,100,12,1200
2019-04-05,customer75,Item_2,130,140,24,3360
2019-04-05,customer18,Item_1,129,300,20,6000
2019-04-05,customer74,Item_45,128,0,30,15
2019-04-05,customer74,Item_2,128,317,20,6340
2019-04-05,customer75,Item_4,130,25,40,1000
2019-04-14,customer38,Item_6,57,120,15,1890
2019-04-14,customer35,Item_27,53,20,52,1040
2019-04-14,customer36,Item_8,54,130,38,4940
2019-04-14,customer36,Item_7,54,107,21,2300
2019-04-14,customer36,Item_1,54,450,19,8775
2019-04-14,customer36,Item_2,54,60,23,1410
2019-04-14,customer36,Item_2,54,400,21,8400
2019-04-14,customer36,Item_2,54,70,28,1960
2019-04-14,customer36,Item_1,54,50,19,975
2019-04-14,customer36,Item_2,54,40,23,940
2019-04-14,customer5,Item_9,55,4800,11,55200
2019-04-14,customer37,Item_19,56,500,7,3750
2019-04-14,customer37,Item_6,56,240,17,4080
2019-04-14,customer35,Item_2,53,40,24,960
2019-04-14,customer37,Item_2,56,120,22,2640
2019-04-14,customer38,Item_32,57,10,25,262
2019-04-14,customer38,Item_3,57,15,40,600
2019-04-14,customer38,Item_29,57,24,36,864
2019-04-14,customer38,Item_7,57,220,20,4510
2019-04-15,customer41,Item_6,64,359,17,6103
2019-04-15,customer2,Item_6,62,10,17,170
2019-04-15,customer6,Item_2,61,120,24,2880
2019-04-15,customer6,Item_1,61,140,19,2730
2019-04-15,customer39,Item_7,60,437,22,9625
2019-04-15,customer40,Item_27,63,100,48,4800
2019-04-15,customer23,Item_6,59,180,17,3060
2019-04-15,customer18,Item_3,58,60,48,2880
2019-04-15,customer18,Item_10,58,200,14,2800
2019-04-15,customer18,Item_2,58,300,24,7200
2019-04-15,customer41,Item_3,64,1,14,14
2019-04-15,customer43,Item_9,66,1200,11,13800
2019-04-15,customer42,Item_27,65,232,48,11136
2019-04-15,customer42,Item_29,65,24,36,864
2019-04-15,customer42,Item_7,65,267,22,5874
2019-04-16,customer44,Item_26,69,36,40,1440
2019-04-16,customer44,Item_1,69,20,19,390
2019-04-16,customer44,Item_6,69,340,16,5610
2019-04-16,customer44,Item_8,69,170,38,6545
2019-04-16,customer8,Item_27,68,38,48,1824
2019-04-16,customer5,Item_27,67,800,48,38400
2019-04-16,customer5,Item_7,67,1200,22,26400
2019-04-16,customer44,Item_3,69,12,55,660
2019-04-19,customer47,Item_7,75,480,22,10560
2019-04-19,customer47,Item_18,75,240,58,13920
2019-04-19,customer48,Item_34,76,592,65,38480
2019-04-19,customer47,Item_29,75,240,38,9120
2019-04-19,customer47,Item_8,75,280,40,11200
2019-04-19,customer46,Item_27,73,100,50,5000
2019-04-19,customer5,Item_33,74,240,30,7200
2019-04-19,customer45,Item_1,70,90,20,1800
2019-04-19,customer45,Item_6,70,60,17,1020
2019-04-19,customer45,Item_20,70,50,8,425
2019-04-19,customer45,Item_19,70,50,7,375
2019-04-19,customer45,Item_10,70,25,14,350
2019-04-19,customer33,Item_7,72,803,23,18469
2019-04-19,customer33,Item_2,72,60,22,1320
2019-04-19,customer33,Item_2,72,91,29,2639
2019-04-19,customer33,Item_18,72,15,30,456
2019-04-19,customer46,Item_6,73,570,17,9690
2019-04-19,customer47,Item_27,75,418,48,20064
2019-04-19,customer46,Item_2,73,60,21,1260
2019-04-19,customer46,Item_3,73,24,60,1440
2019-04-19,customer46,Item_3,73,15,30,450
2019-04-19,customer46,Item_7,73,313,21,6729
2019-04-19,customer46,Item_2,73,140,22,3080
2019-04-19,customer33,Item_18,72,30,68,2040
2019-04-20,customer43,Item_33,79,121,30,3654
2019-04-20,customer49,Item_9,78,150,13,1950
2019-04-20,customer49,Item_27,78,126,52,6552
2019-04-20,customer49,Item_7,78,198,22,4356
2019-04-20,customer49,Item_1,78,130,20,2600
2019-04-20,customer49,Item_2,78,140,24,3360
2019-04-20,customer8,Item_6,77,300,16,4950
2019-04-21,customer50,Item_3,80,22,60,1320
2019-04-21,customer51,Item_1,81,540,19,10530
2019-04-21,customer51,Item_7,81,100,22,2200
2019-04-21,customer20,Item_6,82,830,17,14110
2019-04-21,customer20,Item_2,82,80,24,1920
2019-04-21,customer20,Item_29,82,48,45,2160
2019-04-21,customer20,Item_27,82,50,51,2550
2019-04-21,customer20,Item_7,82,593,22,13046
2019-04-21,customer20,Item_1,82,300,20,6000
2019-04-21,customer51,Item_10,81,1200,13,16200
2019-04-21,customer50,Item_7,80,256,22,5632
2019-04-21,customer50,Item_3,80,20,48,960
2019-04-21,customer50,Item_6,80,555,17,9435
2019-04-21,customer51,Item_33,81,134,29,3897
2019-04-22,customer52,Item_2,83,30,22,660
2019-04-22,customer52,Item_1,83,10,20,200
2019-04-22,customer53,Item_4,84,130,30,3900
2019-04-22,customer54,Item_18,85,30,64,1920
2019-04-22,customer52,Item_1,83,10,25,250
2019-04-22,customer52,Item_2,83,10,30,300
2019-04-22,customer54,Item_29,85,24,40,960
2019-04-22,customer54,Item_27,85,112,50,5600
2019-04-22,customer54,Item_2,85,310,24,7440
2019-04-22,customer53,Item_7,84,40,22,880
2019-04-22,customer54,Item_7,85,40,22,880
2019-04-22,customer53,Item_2,84,240,24,5760
2019-04-22,customer53,Item_6,84,480,17,8160
2019-04-22,customer53,Item_19,84,250,7,1875
2019-04-22,customer53,Item_10,84,250,14,3500
2019-04-22,customer52,Item_2,83,10,29,290
2019-04-23,customer17,Item_34,86,369,64,23616
2019-04-23,customer27,Item_6,88,1480,17,25160
2019-04-23,customer27,Item_3,88,1,19,19
2019-04-23,customer55,Item_5,87,35,40,1400
2019-04-24,customer57,Item_9,91,300,12,3600
2019-04-24,customer56,Item_3,89,1,17,17
2019-04-24,customer56,Item_7,89,1555,22,34210
2019-04-24,customer56,Item_33,89,26,30,798
2019-04-24,customer46,Item_2,90,120,22,2640
2019-04-25,customer2,Item_6,99,70,17,1190
2019-04-25,customer38,Item_38,100,25,38,950
2019-04-25,customer38,Item_3,100,10,60,600
2019-04-25,customer38,Item_3,100,20,30,600
2019-04-25,customer38,Item_23,100,43,42,1806
2019-04-25,customer38,Item_3,100,15,40,600
2019-04-25,customer38,Item_3,100,50,24,1200
2019-04-25,customer38,Item_37,100,345,29,10212
2019-04-25,customer2,Item_3,99,1,10,10
2019-04-25,customer61,Item_3,98,12,45,540
2019-04-25,customer59,Item_4,96,30,30,900
2019-04-25,customer61,Item_7,98,1020,22,22440
2019-04-25,customer58,Item_29,93,360,42,15120
2019-04-25,customer40,Item_4,92,52,32,1664
2019-04-25,customer58,Item_18,93,64,32,2067
2019-04-25,customer58,Item_15,93,125,85,10625
2019-04-25,customer58,Item_17,93,12,90,1080
2019-04-25,customer8,Item_2,94,300,23,6975
2019-04-25,customer61,Item_3,98,22,55,1210
2019-04-25,customer36,Item_10,95,300,13,4050
2019-04-25,customer36,Item_9,95,300,11,3450
2019-04-25,customer59,Item_27,96,100,52,5200
2019-04-25,customer59,Item_7,96,292,22,6435
2019-04-25,customer59,Item_35,96,28,65,1820
2019-04-25,customer58,Item_27,93,90,48,4320
2019-04-25,customer58,Item_15,93,168,85,14280
2019-04-25,customer59,Item_5,96,25,42,1050
2019-04-25,customer60,Item_1,97,120,20,2400
2019-04-25,customer60,Item_36,97,84,85,7140
2019-04-25,customer59,Item_2,96,80,22,1760
2019-04-25,customer59,Item_4,96,12,35,420
2019-04-25,customer40,Item_29,92,120,42,5040
2019-04-25,customer59,Item_33,96,26,30,786
2019-04-25,customer59,Item_15,96,48,90,4320
2019-04-26,customer62,Item_6,104,70,16,1120
2019-04-26,customer62,Item_7,104,218,20,4479
2019-04-26,customer2,Item_6,102,620,15,9300
2019-04-26,customer2,Item_3,102,1,13,13
2019-04-26,customer35,Item_33,103,24,30,720
2019-04-26,customer4,Item_10,105,25,14,350
2019-04-26,customer4,Item_7,105,688,21,14964
2019-04-26,customer4,Item_6,105,700,17,11900
2019-04-26,customer35,Item_6,103,280,17,4760
2019-04-26,customer2,Item_6,101,410,17,6970
2019-04-26,customer62,Item_3,104,27,42,1134
2019-04-27,customer65,Item_21,109,20,30,600
2019-04-27,customer44,Item_15,110,48,85,4080
2019-04-27,customer65,Item_27,109,20,50,1000
2019-04-27,customer65,Item_1,109,220,20,4400
2019-04-27,customer64,Item_1,108,110,20,2200
2019-04-27,customer63,Item_19,107,300,7,2175
2019-04-27,customer53,Item_1,106,300,20,6000
2019-04-28,customer66,Item_3,111,1,31,31
2019-04-28,customer66,Item_7,111,874,22,19228
2019-04-28,customer67,Item_6,112,310,17,5270
2019-04-30,customer71,Item_43,116,14,55,770
2019-04-30,customer71,Item_43,116,14,60,876
2019-04-30,customer71,Item_18,116,50,55,2750
2019-04-30,customer58,Item_27,118,500,48,24000
2019-04-30,customer71,Item_7,116,100,21,2100
2019-04-30,customer58,Item_27,117,500,48,24000
2019-04-30,customer71,Item_16,116,25,125,3218
2019-04-30,customer71,Item_24,116,33,35,1172
2019-04-30,customer71,Item_42,116,12,55,660
2019-04-30,customer70,Item_10,115,75,14,1050
2019-04-30,customer70,Item_4,115,12,35,420
2019-04-30,customer68,Item_2,113,500,24,12000
2019-04-30,customer68,Item_29,113,72,48,3456
2019-04-30,customer68,Item_27,113,38,52,1976
2019-04-30,customer68,Item_15,113,72,90,6480
2019-04-30,customer68,Item_40,113,12,65,780
2019-04-30,customer68,Item_41,113,23,140,3255
2019-04-30,customer68,Item_39,113,23,110,2557
2019-04-30,customer68,Item_7,113,480,22,10560
2019-04-30,customer69,Item_1,114,240,18,4440
2019-04-30,customer68,Item_39,113,12,125,1500
2019-04-30,customer69,Item_15,114,96,75,7200
2019-04-30,customer69,Item_10,114,100,13,1300
2019-04-30,customer70,Item_19,115,200,7,1500
2019-04-30,customer70,Item_9,115,200,12,2500
2019-04-30,customer70,Item_2,115,180,24,4320
2019-04-30,customer69,Item_32,114,24,90,2160
2019-04-30,customer70,Item_6,115,60,17,1020
2019-04-30,customer69,Item_32,114,12,99,1188
2019-04-30,customer69,Item_32,114,12,120,1440
2019-04-30,customer69,Item_7,114,629,21,13523
2019-04-30,customer69,Item_33,114,26,30,795
2019-05-04,customer21,Item_1,28,1640,20,32800
2019-05-04,customer21,Item_3,28,1,27,27
2019-05-05,customer8,Item_15,132,12,75,900
2019-05-05,customer8,Item_7,132,267,21,5607
2019-05-05,customer8,Item_6,132,160,16,2640
2019-05-05,customer8,Item_29,132,36,36,1296
2019-05-05,customer18,Item_7,134,500,22,11000
2019-05-05,customer17,Item_7,133,1000,22,22000
2019-05-05,customer17,Item_33,133,24,30,720
2019-05-05,customer18,Item_2,134,672,24,16128
2019-05-05,customer8,Item_2,132,360,23,8370
2019-05-05,customer8,Item_27,132,30,48,1440
2019-05-05,customer18,Item_4,134,50,36,1800
2019-05-05,customer55,Item_6,135,760,17,12920
2019-05-06,customer41,Item_4,205,70,30,2100
2019-05-06,customer41,Item_36,205,30,85,2550
2019-05-06,customer41,Item_1,205,70,20,1400
2019-05-07,customer100,Item_4,263,100,48,4800
2019-05-07,customer29,Item_6,259,606,16,9999
2019-05-07,customer29,Item_4,259,1,18,18
2019-05-07,customer2,Item_6,260,550,17,9350
2019-05-07,customer100,Item_16,263,12,95,1140
2019-05-07,customer67,Item_6,261,840,17,14280
2019-05-07,customer100,Item_27,263,380,50,19000
2019-05-07,customer100,Item_29,263,132,45,5940
2019-05-07,customer49,Item_44,262,369,25,9225
2019-05-13,customer68,Item_27,152,10,52,520
2019-05-13,customer68,Item_15,152,60,85,5100
2019-05-13,customer68,Item_18,152,139,75,10443
2019-05-13,customer33,Item_3,153,1,7,7
2019-05-13,customer68,Item_24,152,100,35,3500
2019-05-13,customer33,Item_6,153,1860,17,31620
2019-05-13,customer33,Item_2,153,40,22,880
2019-05-13,customer68,Item_7,152,362,22,7964
2019-05-14,customer8,Item_2,154,360,20,7380
2019-05-14,customer8,Item_16,154,36,84,3024
2019-05-14,customer8,Item_32,154,10,55,550
2019-05-14,customer8,Item_47,154,25,48,1200
2019-05-14,customer8,Item_6,154,980,16,16170
2019-05-14,customer8,Item_2,154,600,23,13950
2019-05-15,customer81,Item_3,159,34,35,1190
2019-05-15,customer81,Item_3,159,15,30,450
2019-05-15,customer81,Item_19,159,50,7,375
2019-05-15,customer81,Item_6,159,130,17,2210
2019-05-15,customer81,Item_5,159,50,40,2000
2019-05-15,customer81,Item_12,159,50,35,1750
2019-05-15,customer45,Item_6,155,337,16,5560
2019-05-15,customer81,Item_37,159,50,38,1900
2019-05-15,customer81,Item_3,159,10,20,200
2019-05-15,customer65,Item_28,160,144,85,12240
2019-05-15,customer65,Item_1,160,60,20,1200
2019-05-15,customer65,Item_30,160,36,28,1008
2019-05-15,customer81,Item_1,159,60,20,1200
2019-05-15,customer81,Item_9,159,25,12,300
2019-05-15,customer80,Item_3,157,15,50,750
2019-05-15,customer81,Item_10,159,25,14,350
2019-05-15,customer6,Item_1,158,140,19,2730
2019-05-15,customer65,Item_3,160,45,30,1350
2019-05-15,customer80,Item_2,157,30,22,660
2019-05-15,customer80,Item_1,157,20,20,400
2019-05-15,customer80,Item_7,157,1285,22,28281
2019-05-15,customer38,Item_3,156,120,23,2760
2019-05-15,customer38,Item_3,156,10,45,450
2019-05-15,customer38,Item_7,156,464,20,9522
2019-05-15,customer38,Item_16,156,12,90,1080
2019-05-15,customer45,Item_4,155,1,15,15
2019-05-15,customer38,Item_3,156,24,55,1320
2019-05-15,customer38,Item_26,156,37,38,1406
2019-05-15,customer81,Item_2,159,60,22,1320
2019-05-15,customer38,Item_3,156,23,67,1541
2019-05-15,customer38,Item_3,156,100,30,3000
2019-05-16,customer44,Item_1,163,600,19,11550
2019-05-16,customer44,Item_6,163,80,16,1320
2019-05-16,customer30,Item_1,165,20,20,400
2019-05-16,customer30,Item_38,165,12,38,456
2019-05-16,customer30,Item_2,165,60,24,1440
2019-05-16,customer30,Item_3,165,45,25,1125
2019-05-16,customer2,Item_6,164,10,16,165
2019-05-16,customer44,Item_24,163,56,32,1811
2019-05-16,customer44,Item_42,163,24,50,1200
2019-05-16,customer44,Item_18,163,44,69,3087
2019-05-16,customer44,Item_3,163,40,55,2200
2019-05-16,customer4,Item_27,161,378,48,18144
2019-05-16,customer44,Item_3,163,30,25,750
2019-05-16,customer44,Item_38,163,50,38,1900
2019-05-16,customer4,Item_27,161,68,48,3264
2019-05-16,customer4,Item_1,161,10,20,200
2019-05-16,customer4,Item_21,161,30,30,900
2019-05-16,customer4,Item_34,161,30,65,1950
2019-05-16,customer4,Item_1,161,90,20,1800
2019-05-16,customer44,Item_8,163,120,38,4620
2019-05-16,customer12,Item_27,162,730,48,35040
2019-05-16,customer12,Item_3,162,750,23,17250
2019-05-16,customer44,Item_3,163,15,45,675
2019-05-17,customer2,Item_6,170,500,17,8500
2019-05-17,customer3,Item_2,169,200,24,4800
2019-05-17,customer3,Item_2,169,40,24,960
2019-05-17,customer3,Item_7,169,600,22,13200
2019-05-17,customer20,Item_6,168,566,17,9622
2019-05-17,customer20,Item_3,168,1,8,8
2019-05-17,customer82,Item_3,166,1,24,24
2019-05-17,customer36,Item_34,167,150,63,9450
2019-05-17,customer82,Item_48,166,111,40,4440
2019-05-19,customer3,Item_3,171,300,9,2700
2019-05-19,customer5,Item_2,172,1980,23,46530
2019-05-20,customer13,Item_6,173,800,17,13600
2019-05-20,customer13,Item_3,173,1,12,12
2019-05-20,customer83,Item_7,174,759,22,16698
2019-05-20,customer12,Item_3,175,227,23,5221
2019-05-20,customer12,Item_3,175,127,30,3810
2019-05-20,customer12,Item_3,175,45,20,900
2019-05-20,customer12,Item_38,175,24,38,912
2019-05-20,customer12,Item_3,175,120,35,4200
2019-05-20,customer12,Item_3,175,160,40,6400
2019-05-20,customer12,Item_3,175,40,55,2200
2019-05-20,customer83,Item_24,174,62,35,2184
2019-05-20,customer12,Item_3,175,30,45,1350
2019-05-20,customer12,Item_3,175,20,75,1500
2019-05-20,customer16,Item_6,180,360,16,5940
2019-05-20,customer2,Item_6,179,25,17,425
2019-05-20,customer85,Item_47,178,24,48,1166
2019-05-20,customer84,Item_19,177,1190,7,8925
2019-05-20,customer84,Item_3,176,1,6,6
2019-05-20,customer12,Item_3,175,20,50,1000
2019-05-20,customer12,Item_3,175,1000,40,40000
2019-05-20,customer12,Item_3,175,15,37,555
2019-05-20,customer12,Item_3,175,20,105,2100
2019-05-20,customer12,Item_3,175,20,60,1200
2019-05-20,customer84,Item_6,176,2461,17,41837
2019-05-22,customer46,Item_14,182,4,60,240
2019-05-22,customer66,Item_11,184,668,35,23380
2019-05-22,customer66,Item_49,184,12,60,720
2019-05-22,customer66,Item_43,184,10,70,717
2019-05-22,customer66,Item_50,184,12,60,720
2019-05-22,customer66,Item_16,184,44,90,3960
2019-05-22,customer66,Item_29,184,600,48,28800
2019-05-22,customer46,Item_3,183,1,27,27
2019-05-22,customer46,Item_5,182,229,40,9160
2019-05-22,customer46,Item_24,182,93,32,2988
2019-05-22,customer46,Item_42,182,12,55,660
2019-05-22,customer66,Item_48,184,20,41,820
2019-05-22,customer46,Item_16,182,12,95,1140
2019-05-22,customer46,Item_39,182,10,75,806
2019-05-22,customer54,Item_29,181,84,40,3360
2019-05-22,customer54,Item_27,181,70,50,3500
2019-05-22,customer54,Item_16,181,12,90,1080
2019-05-22,customer54,Item_2,181,40,24,960
2019-05-22,customer54,Item_24,181,33,32,1078
2019-05-22,customer46,Item_7,183,871,22,19162
2019-05-22,customer46,Item_6,182,230,17,3910
2019-05-22,customer46,Item_18,182,60,65,3900
2019-05-22,customer54,Item_32,181,24,60,1440
2019-05-22,customer46,Item_15,182,60,85,5100
2019-05-22,customer46,Item_49,182,24,60,1440
2019-05-23,customer86,Item_7,186,1079,22,23738
2019-05-23,customer86,Item_34,186,414,68,28152
2019-05-23,customer8,Item_29,185,288,36,10368
2019-05-23,customer8,Item_8,185,50,38,1900
2019-05-23,customer8,Item_27,185,112,48,5376
2019-05-23,customer86,Item_3,186,1,13,13
2019-05-23,customer8,Item_3,185,20,100,2000
2019-05-23,customer8,Item_3,185,10,73,730
2019-05-23,customer8,Item_41,185,24,55,1320
2019-05-23,customer8,Item_50,185,12,80,960
2019-05-23,customer8,Item_43,185,72,74,5328
2019-05-23,customer8,Item_2,185,100,23,2325
2019-05-24,customer87,Item_43,187,36,100,3600
2019-05-24,customer87,Item_27,187,200,48,9600
2019-05-24,customer87,Item_32,187,24,50,1200
2019-05-24,customer87,Item_32,187,12,55,660
2019-05-26,customer19,Item_3,193,1,13,13
2019-05-26,customer19,Item_7,193,1989,22,43758
2019-05-26,customer63,Item_27,192,20,48,960
2019-05-26,customer63,Item_8,192,20,40,800
2019-05-26,customer63,Item_3,192,30,25,750
2019-05-26,customer30,Item_12,190,50,32,1600
2019-05-26,customer23,Item_28,189,120,85,10200
2019-05-26,customer18,Item_7,188,420,22,9240
2019-05-26,customer5,Item_27,191,140,48,6720
2019-05-29,customer88,Item_7,194,1410,22,31020
2019-05-29,customer88,Item_3,194,1,25,25
2019-05-31,customer36,Item_2,196,640,23,15040
2019-05-31,customer36,Item_1,196,170,19,3315
2019-05-31,customer36,Item_40,196,12,50,600
2019-05-31,customer36,Item_3,196,15,25,375
2019-06-04,customer23,Item_6,30,290,17,4930
2019-06-04,customer22,Item_2,29,80,24,1920
2019-06-05,customer36,Item_8,136,150,38,5700
2019-06-05,customer36,Item_27,136,384,63,24192
2019-06-05,customer16,Item_2,139,10,24,240
2019-06-05,customer78,Item_4,138,20,24,480
2019-06-05,customer77,Item_10,137,50,14,700
2019-06-05,customer77,Item_4,137,115,38,4370
2019-06-05,customer77,Item_4,137,25,28,700
2019-06-05,customer78,Item_1,138,50,20,1000
2019-06-05,customer78,Item_2,138,220,22,4840
2019-06-05,customer78,Item_4,138,30,45,1350
2019-06-05,customer78,Item_4,138,12,60,720
2019-06-05,customer78,Item_4,138,15,30,450
2019-06-05,customer16,Item_7,139,220,22,4840
2019-06-05,customer16,Item_6,139,120,17,2040
2019-06-05,customer78,Item_4,138,10,22,220
2019-06-05,customer16,Item_4,139,10,30,300
2019-06-05,customer78,Item_4,138,12,35,420
2019-06-05,customer78,Item_4,138,10,75,750
2019-06-05,customer78,Item_15,138,48,90,4320
2019-06-05,customer78,Item_10,138,75,14,1050
2019-06-05,customer77,Item_10,137,50,14,700
2019-06-05,customer77,Item_6,137,450,17,7650
2019-06-05,customer77,Item_5,137,30,52,1560
2019-06-05,customer36,Item_18,136,40,32,1280
2019-06-05,customer36,Item_2,136,320,23,7520
2019-06-05,customer36,Item_1,136,400,19,7800
2019-06-05,customer36,Item_32,136,12,100,1200
2019-06-05,customer78,Item_4,138,10,25,250
2019-06-05,customer36,Item_15,136,24,80,1920
2019-06-05,customer36,Item_2,136,100,22,2200
2019-06-05,customer36,Item_2,136,200,28,5600
2019-06-05,customer36,Item_33,136,51,30,1536
2019-06-06,customer89,Item_4,207,350,32,11200
2019-06-06,customer8,Item_4,206,360,23,8370
2019-06-06,customer89,Item_4,207,62,40,2480
2019-06-06,customer90,Item_4,208,45,40,1800
2019-06-06,customer90,Item_9,208,50,12,600
2019-06-06,customer90,Item_4,208,20,30,600
2019-06-06,customer8,Item_50,206,76,47,3600
2019-06-06,customer8,Item_18,206,12,50,600
2019-06-06,customer90,Item_4,208,10,28,280
2019-06-06,customer90,Item_4,208,25,45,1125
2019-06-07,customer45,Item_4,265,10,48,480
2019-06-07,customer45,Item_36,265,24,85,2040
2019-06-07,customer46,Item_2,264,200,22,4400
2019-06-07,customer46,Item_6,264,500,17,8500
2019-06-13,customer85,Item_6,219,200,15,3150
2019-06-13,customer85,Item_1,219,1428,24,34272
2019-06-13,customer85,Item_3,219,100,27,2700
2019-06-14,customer85,Item_34,220,50,64,3200
2019-06-14,customer85,Item_16,220,35,84,2940
2019-06-14,customer85,Item_18,220,72,50,3600
2019-06-14,customer85,Item_18,220,39,70,2765
2019-06-14,customer85,Item_18,220,12,100,1200
2019-06-14,customer85,Item_4,220,20,53,1060
2019-06-14,customer85,Item_6,220,450,15,7087
2019-06-14,customer85,Item_4,220,80,20,1640
2019-06-14,customer85,Item_33,220,24,29,713
2019-06-14,customer85,Item_7,220,980,22,21571
2019-06-14,customer85,Item_29,220,144,45,6480
2019-06-14,customer85,Item_18,220,10,80,800
2019-06-14,customer85,Item_36,220,36,80,2880
2019-06-14,customer85,Item_4,220,40,38,1520
2019-06-14,customer85,Item_4,220,30,28,840
2019-06-14,customer85,Item_18,220,64,48,3072
2019-06-15,customer46,Item_36,225,120,80,9600
2019-06-15,customer69,Item_7,224,890,20,17800
2019-06-15,customer69,Item_10,224,50,13,650
2019-06-15,customer69,Item_9,224,100,11,1150
2019-06-15,customer69,Item_1,224,200,18,3700
2019-06-15,customer2,Item_29,223,5,40,200
2019-06-15,customer2,Item_4,223,20,45,900
2019-06-15,customer2,Item_4,223,60,30,1800
2019-06-15,customer16,Item_7,221,142,22,3124
2019-06-15,customer93,Item_36,222,120,85,10200
2019-06-15,customer93,Item_18,222,84,68,5712
2019-06-15,customer93,Item_4,222,75,45,3375
2019-06-15,customer93,Item_4,222,10,35,350
2019-06-15,customer93,Item_4,222,10,60,600
2019-06-15,customer93,Item_4,222,10,65,650
2019-06-15,customer2,Item_4,223,20,35,700
2019-06-15,customer2,Item_4,223,10,10,100
2019-06-15,customer2,Item_5,223,20,42,840
2019-06-15,customer2,Item_6,223,90,17,1530
2019-06-16,customer8,Item_48,226,120,38,4560
2019-06-16,customer8,Item_4,226,160,23,3720
2019-06-16,customer8,Item_27,226,298,48,14304
2019-06-16,customer8,Item_7,226,716,21,15046
2019-06-16,customer8,Item_4,226,20,51,1020
2019-06-16,customer8,Item_16,226,12,80,960
2019-06-16,customer8,Item_18,226,36,62,2278
2019-06-16,customer2,Item_6,227,200,17,3400
2019-06-16,customer8,Item_29,226,192,36,6912
2019-06-17,customer2,Item_4,230,1,17,17
2019-06-17,customer2,Item_7,230,403,21,8463
2019-06-17,customer94,Item_27,229,20,50,1000
2019-06-17,customer94,Item_52,229,42,80,3360
2019-06-17,customer94,Item_4,229,10,40,400
2019-06-17,customer94,Item_4,229,25,25,625
2019-06-17,customer94,Item_31,229,60,25,1500
2019-06-17,customer94,Item_27,229,44,50,2200
2019-06-17,customer2,Item_4,228,1,9,9
2019-06-17,customer2,Item_7,228,400,22,8800
2019-06-18,customer50,Item_4,236,1,6,6
2019-06-18,customer50,Item_7,236,1118,21,23478
2019-06-18,customer2,Item_5,235,15,40,600
2019-06-18,customer2,Item_37,235,15,38,570
2019-06-18,customer2,Item_6,235,250,17,4250
2019-06-18,customer96,Item_34,234,30,65,1950
2019-06-18,customer96,Item_16,234,24,95,2280
2019-06-18,customer2,Item_3,235,10,45,450
2019-06-18,customer96,Item_2,234,360,24,8640
2019-06-18,customer63,Item_2,232,80,24,1920
2019-06-18,customer63,Item_27,232,40,48,1920
2019-06-18,customer96,Item_2,234,120,22,2640
2019-06-18,customer95,Item_52,231,216,85,18360
2019-06-18,customer96,Item_7,234,1294,22,28468
2019-06-18,customer96,Item_29,234,72,42,3024
2019-06-18,customer96,Item_27,234,98,50,4900
2019-06-19,customer37,Item_36,239,120,85,10200
2019-06-19,customer45,Item_33,238,130,30,3900
2019-06-19,customer2,Item_6,237,300,17,5100
2019-06-19,customer37,Item_6,239,240,17,4080
2019-06-19,customer97,Item_5,240,200,42,8400
2019-06-19,customer97,Item_31,240,120,26,3120
2019-06-19,customer97,Item_2,240,440,24,10560
2019-06-19,customer37,Item_2,239,120,22,2640
2019-06-19,customer97,Item_1,240,540,20,10800
2019-06-19,customer97,Item_4,240,20,40,800
2019-06-19,customer97,Item_4,240,12,35,420
2019-06-19,customer97,Item_4,240,10,30,300
2019-06-19,customer97,Item_4,240,10,50,500
2019-06-19,customer97,Item_4,240,10,60,600
2019-06-19,customer97,Item_27,240,196,52,10192
2019-06-19,customer97,Item_48,240,20,42,840
2019-06-19,customer97,Item_29,240,108,48,5184
2019-06-19,customer97,Item_7,240,344,22,7579
2019-06-19,customer2,Item_6,241,230,17,3910
2019-06-19,customer98,Item_7,242,2598,21,54558
2019-06-19,customer98,Item_4,242,1,27,27
2019-06-19,customer97,Item_19,240,75,7,562
2019-06-19,customer37,Item_4,239,120,32,3840
2019-06-20,customer99,Item_52,243,15,85,1275
2019-06-20,customer99,Item_5,243,327,42,13734
2019-06-20,customer99,Item_12,243,260,32,8320
2019-06-20,customer99,Item_3,243,10,45,450
2019-06-20,customer99,Item_3,243,10,40,400
2019-06-20,customer85,Item_5,244,720,38,27360
2019-06-20,customer99,Item_30,243,11,28,308
2019-06-20,customer99,Item_6,243,10,17,170
2019-06-20,customer99,Item_1,243,160,20,3200
2019-06-20,customer99,Item_3,243,20,35,700
2019-06-22,customer98,Item_4,245,25,48,1200
2019-06-22,customer98,Item_36,245,25,95,2375
2019-06-22,customer98,Item_52,245,96,85,8160
2019-06-22,customer98,Item_37,245,50,40,2000
2019-06-22,customer98,Item_10,245,75,14,1050
2019-06-22,customer98,Item_9,245,75,12,900
2019-06-22,customer98,Item_2,245,120,22,2640
2019-06-23,customer6,Item_1,247,180,19,3510
2019-06-23,customer42,Item_7,248,1665,20,33304
2019-06-23,customer73,Item_9,246,125,11,1437
2019-06-23,customer73,Item_4,246,60,30,1800
2019-06-24,customer68,Item_41,249,20,90,1800
2019-06-24,customer68,Item_39,249,12,115,1380
2019-06-24,customer68,Item_36,249,24,85,2040
2019-06-24,customer68,Item_33,249,26,30,780
2019-06-24,customer68,Item_18,249,24,75,1800
2019-06-24,customer68,Item_16,249,12,95,1140
2019-06-24,customer68,Item_47,249,39,60,2388
2019-06-24,customer68,Item_34,249,48,65,3120
2019-06-24,customer68,Item_2,249,120,24,2880
2019-06-24,customer68,Item_7,249,1442,22,31724
2019-06-24,customer68,Item_29,249,36,48,1728
2019-06-24,customer68,Item_27,249,50,52,2600
2019-06-25,customer61,Item_7,250,1897,22,41739
2019-06-26,customer10,Item_18,251,36,63,2268
2019-06-26,customer10,Item_15,251,12,75,900
2019-06-26,customer10,Item_4,251,52,53,2756
2019-06-26,customer10,Item_4,251,20,43,860
2019-06-26,customer10,Item_4,251,130,38,4940
2019-06-26,customer10,Item_4,251,20,33,660
2019-06-26,customer10,Item_18,251,56,32,1814
2019-06-26,customer10,Item_4,251,180,22,3960
2019-06-26,customer10,Item_4,251,86,28,2408
2019-06-26,customer10,Item_18,251,48,76,3648
2019-06-26,customer10,Item_16,251,60,85,5100
2019-06-28,customer73,Item_4,253,120,25,3000
2019-06-28,customer8,Item_29,252,24,36,864
2019-06-29,customer44,Item_1,254,350,19,6650
2019-06-29,customer44,Item_6,254,210,16,3465
2019-06-29,customer2,Item_1,255,20,19,390
2019-06-30,customer55,Item_4,256,7,40,280
2019-07-04,customer24,Item_6,32,150,17,2550
2019-07-04,customer2,Item_28,31,72,80,5760
2019-07-04,customer2,Item_5,31,6,42,252
2019-07-04,customer24,Item_7,32,40,22,880
2019-07-04,customer24,Item_1,32,250,20,5000
2019-07-05,customer79,Item_20,141,200,8,1700
2019-07-05,customer79,Item_1,141,120,20,2400
2019-07-05,customer72,Item_7,140,140,22,3080
2019-07-05,customer72,Item_46,140,20,18,369
2019-07-05,customer79,Item_10,141,150,14,2100
2019-07-06,customer2,Item_4,209,200,25,5150
2019-07-06,customer2,Item_4,209,1,13,13
2019-07-07,customer23,Item_28,267,72,85,6120
2019-07-07,customer8,Item_29,266,336,36,12096
2019-07-07,customer8,Item_27,266,234,48,11232
2019-07-07,customer8,Item_6,266,390,16,6435
2019-07-07,customer8,Item_7,266,506,20,10383
2019-07-07,customer8,Item_18,266,32,55,1760
2019-07-08,customer28,Item_10,305,300,13,3900
2019-07-08,customer91,Item_7,303,2000,20,40000
2019-07-08,customer103,Item_6,304,1550,16,25575
2019-07-08,customer103,Item_29,304,180,45,8100
2019-07-08,customer103,Item_18,304,160,50,8000
2019-07-08,customer103,Item_7,304,120,22,2640
2019-07-08,customer103,Item_18,304,12,68,816
2019-07-08,customer103,Item_3,304,15,22,330
2019-07-08,customer28,Item_1,305,330,19,6270
2019-07-08,customer28,Item_31,305,60,24,1440
2019-07-08,customer28,Item_53,305,100,25,2500
2019-07-08,customer28,Item_4,305,200,32,6400
2019-07-08,customer28,Item_19,305,150,6,1035
2019-07-08,customer28,Item_4,305,60,48,2880
2019-07-08,customer103,Item_2,304,1400,24,33600
2019-07-13,customer90,Item_6,279,170,17,2890
2019-07-13,customer6,Item_2,278,60,30,1800
2019-07-13,customer90,Item_4,279,1,15,15
2019-07-13,customer13,Item_6,280,520,17,8840
2019-07-13,customer13,Item_3,280,1,40,40
2019-07-14,customer15,Item_7,281,1674,22,36828
2019-07-14,customer21,Item_4,282,1,8,8
2019-07-14,customer21,Item_7,282,2389,21,50169
2019-07-14,customer15,Item_12,281,1,32,32
2019-07-15,customer96,Item_7,283,3058,21,64218
2019-07-15,customer46,Item_5,284,200,40,8000
2019-07-15,customer96,Item_4,283,1,17,17
2019-07-16,customer5,Item_1,285,2400,19,46800
2019-07-16,customer5,Item_2,285,1200,23,28200
2019-07-17,customer65,Item_4,286,1,15,15
2019-07-17,customer65,Item_7,286,175,21,3675
2019-07-17,customer53,Item_7,287,426,22,9372
2019-07-17,customer53,Item_19,287,1,8,8
2019-07-19,customer4,Item_1,288,360,20,7200
2019-07-19,customer4,Item_7,288,250,22,5500
2019-07-19,customer4,Item_6,288,40,17,680
2019-07-19,customer2,Item_7,289,249,21,5229
2019-07-19,customer4,Item_29,288,144,42,6048
2019-07-19,customer4,Item_27,288,354,49,17346
2019-07-21,customer69,Item_1,290,300,18,5550
2019-07-21,customer69,Item_10,290,50,13,650
2019-07-21,customer69,Item_9,290,50,11,575
2019-07-21,customer69,Item_50,290,85,75,6412
2019-07-21,customer69,Item_7,290,490,20,9810
2019-07-21,customer69,Item_2,290,220,23,5060
2019-07-21,customer69,Item_54,290,12,90,1080
2019-07-21,customer2,Item_7,291,38,20,770
2019-07-21,customer69,Item_24,290,68,32,2176
2019-07-22,customer38,Item_29,292,840,36,30240
2019-07-22,customer38,Item_37,292,50,28,1440
2019-07-23,customer102,Item_27,293,140,50,7000
2019-07-23,customer102,Item_2,293,20,22,440
2019-07-23,customer102,Item_9,293,50,12,600
2019-07-23,customer102,Item_47,293,12,55,660
2019-07-25,customer38,Item_4,295,105,27,2835
2019-07-25,customer8,Item_19,294,25,6,170
2019-07-25,customer8,Item_8,294,44,38,1672
2019-07-25,customer39,Item_1,296,116,20,2320
2019-07-25,customer25,Item_6,297,668,16,10688
2019-07-25,customer25,Item_4,297,1,12,12
2019-07-25,customer2,Item_7,298,151,22,3322
2019-07-25,customer8,Item_29,294,216,36,7776
2019-07-25,customer8,Item_27,294,376,48,18048
2019-07-26,customer2,Item_6,299,526,16,8416
2019-07-26,customer2,Item_4,299,1,14,14
2019-07-27,customer2,Item_7,300,20,20,410
2019-07-28,customer2,Item_6,301,20,16,320
2019-07-30,customer85,Item_39,302,18,70,1260
2019-07-30,customer85,Item_24,302,32,32,1024
2019-07-30,customer85,Item_55,302,94,50,4715
2019-07-30,customer85,Item_47,302,75,48,3638
2019-07-30,customer85,Item_3,302,75,40,3000
2019-07-30,customer85,Item_21,302,120,26,3120
2019-07-30,customer85,Item_24,302,51,32,1632
2019-07-30,customer85,Item_3,302,78,27,2106
2019-08-04,customer14,Item_6,33,130,16,2145
2019-08-04,customer25,Item_1,34,542,20,10840
2019-08-05,customer13,Item_2,143,50,22,1100
2019-08-05,customer38,Item_6,142,50,16,800
2019-08-05,customer13,Item_4,143,60,26,1560
2019-08-05,customer13,Item_6,143,30,17,510
2019-08-05,customer38,Item_7,142,204,20,4182
2019-08-05,customer38,Item_2,142,80,21,1680
2019-08-06,customer13,Item_6,210,120,17,2040
2019-08-06,customer13,Item_4,210,310,22,6820
2019-08-06,customer13,Item_4,210,60,25,1500
2019-08-06,customer13,Item_5,210,52,52,2704
2019-08-06,customer13,Item_1,210,10,20,200
2019-08-07,customer85,Item_33,268,26,29,754
2019-08-07,customer85,Item_3,268,510,21,10710
2019-08-07,customer85,Item_6,268,200,15,3150
2019-08-08,customer91,Item_3,306,32,32,1024
2019-08-08,customer91,Item_3,306,18,48,864
2019-08-08,customer91,Item_7,306,800,20,16000
2019-08-08,customer91,Item_18,306,91,48,4406
2019-08-08,customer91,Item_18,306,28,48,1344
2019-08-08,customer91,Item_29,306,168,38,6384
2019-08-08,customer91,Item_29,306,36,38,1368
2019-08-08,customer91,Item_7,306,344,20,6880
2019-08-10,customer52,Item_15,328,200,64,12940
2019-08-11,customer2,Item_6,359,20,15,315
2019-08-11,customer103,Item_27,357,1140,50,57000
2019-08-11,customer109,Item_6,358,832,15,13104
2019-08-15,customer38,Item_3,309,140,20,2800
2019-08-15,customer38,Item_56,309,172,15,2587
2019-08-15,customer38,Item_9,309,125,11,1437
2019-08-15,customer38,Item_29,309,852,36,30672
2019-08-15,customer38,Item_18,309,265,10,2650
2019-08-15,customer38,Item_3,309,20,40,800
2019-08-15,customer38,Item_3,309,20,35,700
2019-08-15,customer38,Item_3,309,10,30,300
2019-08-15,customer38,Item_3,309,40,7,280
2019-08-15,customer38,Item_19,309,75,7,525
2019-08-15,customer38,Item_3,309,130,15,1950
2019-08-15,customer38,Item_3,309,20,100,2000
2019-08-15,customer2,Item_6,308,193,16,3088
2019-08-15,customer38,Item_3,309,10,55,550
2019-08-16,customer87,Item_34,310,60,65,3900
2019-08-16,customer87,Item_8,310,140,40,5600
2019-08-16,customer87,Item_27,310,20,49,980
2019-08-16,customer87,Item_29,310,48,42,2016
2019-08-16,customer87,Item_3,310,60,20,1200
2019-08-16,customer87,Item_3,310,20,100,2000
2019-08-17,customer4,Item_21,311,800,30,24000
2019-08-17,customer4,Item_1,311,120,20,2400
2019-08-17,customer31,Item_1,312,180,19,3510
2019-08-17,customer31,Item_6,312,220,16,3630
2019-08-17,customer31,Item_21,312,840,30,25200
2019-08-17,customer4,Item_57,311,24,65,1560
2019-08-24,customer104,Item_21,315,540,27,14580
2019-09-04,customer26,Item_6,35,20,17,340
2019-09-04,customer26,Item_1,35,70,20,1400
2019-09-04,customer26,Item_27,35,114,50,5700
2019-09-04,customer26,Item_29,35,12,48,576
2019-09-04,customer26,Item_2,35,120,22,2640
2019-09-04,customer26,Item_7,35,20,22,440
2019-09-04,customer28,Item_10,37,500,13,6750
2019-09-04,customer28,Item_23,37,25,48,1200
2019-09-04,customer28,Item_3,37,24,55,1320
2019-09-04,customer27,Item_3,36,1,7,7
2019-09-04,customer27,Item_6,36,2992,17,50864
2019-09-05,customer80,Item_7,147,578,22,12716
2019-09-05,customer2,Item_2,146,20,26,520
2019-09-05,customer2,Item_18,146,12,35,430
2019-09-05,customer2,Item_7,146,140,22,3080
2019-09-05,customer2,Item_4,146,24,35,840
2019-09-05,customer2,Item_1,146,70,20,1400
2019-09-05,customer2,Item_6,146,110,17,1870
2019-09-05,customer12,Item_4,145,550,28,15400
2019-09-05,customer12,Item_1,145,400,18,7400
2019-09-05,customer12,Item_6,145,3400,16,56100
2019-09-05,customer14,Item_6,144,700,16,11669
2019-09-05,customer12,Item_2,145,680,24,16320
2019-09-06,customer91,Item_18,211,13,68,901
2019-09-06,customer91,Item_3,211,20,17,340
2019-09-06,customer91,Item_18,211,18,40,724
2019-09-06,customer91,Item_3,211,10,21,210
2019-09-06,customer91,Item_18,211,10,68,734
2019-09-06,customer91,Item_3,211,60,24,1440
2019-09-06,customer91,Item_3,211,10,48,480
2019-09-06,customer91,Item_18,211,50,48,2404
2019-09-06,customer91,Item_3,211,10,28,280
2019-09-06,customer91,Item_3,211,20,10,200
2019-09-06,customer91,Item_51,211,20,55,1100
2019-09-06,customer91,Item_3,211,10,53,530
2019-09-13,customer86,Item_4,319,25,48,1200
2019-09-13,customer86,Item_3,319,15,20,300
2019-09-13,customer86,Item_5,319,262,42,11004
2019-09-13,customer86,Item_29,319,8,50,400
2019-09-13,customer86,Item_4,319,30,28,840
2019-09-17,customer1,Item_7,320,20,22,440
2019-09-24,customer68,Item_18,321,12,80,960
2019-09-24,customer68,Item_7,322,765,22,16830
2019-09-24,customer68,Item_29,322,168,48,8064
2019-09-24,customer68,Item_27,322,260,52,13520
2019-09-24,customer68,Item_3,321,15,45,675
2019-09-24,customer68,Item_3,321,15,40,600
2019-09-24,customer68,Item_3,321,40,20,800
2019-09-24,customer68,Item_2,321,20,24,480
2019-09-24,customer68,Item_1,321,40,20,800
2019-09-24,customer68,Item_18,321,24,50,1200
2019-09-24,customer68,Item_18,321,24,60,1440
2019-09-24,customer68,Item_18,321,24,90,2160
2019-09-24,customer68,Item_18,321,72,70,5040
2019-09-24,customer68,Item_18,321,24,80,1920
2019-09-24,customer68,Item_18,321,12,100,1200
2019-09-24,customer68,Item_18,321,24,100,2400
2019-09-24,customer68,Item_18,321,12,100,1200
2019-09-24,customer2,Item_6,323,500,17,8500
2019-09-28,customer4,Item_4,324,1,40,40
2019-09-28,customer49,Item_7,326,1754,20,35087
2019-09-28,customer4,Item_4,325,100,27,2744
2019-09-28,customer4,Item_27,324,1077,48,51696
2019-10-04,customer33,Item_29,46,312,48,14976
2019-10-04,customer33,Item_6,46,405,17,6885
2019-10-04,customer33,Item_7,46,1358,23,31245
2019-10-04,customer33,Item_29,46,24,48,1152
2019-10-04,customer33,Item_7,46,263,23,6049
2019-10-04,customer29,Item_21,38,80,30,2400
2019-10-04,customer30,Item_1,39,70,20,1400
2019-10-04,customer2,Item_6,40,104,17,1768
2019-10-04,customer2,Item_3,40,1,22,22
2019-10-04,customer2,Item_2,41,50,22,1100
2019-10-04,customer2,Item_6,41,340,17,5780
2019-10-04,customer2,Item_7,42,65,22,1430
2019-10-04,customer31,Item_1,43,310,20,6200
2019-10-04,customer30,Item_2,39,100,24,2400
2019-10-04,customer29,Item_10,38,100,14,1400
2019-10-04,customer31,Item_6,43,250,17,4250
2019-10-04,customer31,Item_2,43,90,22,1980
2019-10-04,customer13,Item_6,44,1200,17,20400
2019-10-04,customer29,Item_6,38,140,17,2380
2019-10-04,customer29,Item_3,38,40,30,1200
2019-10-04,customer29,Item_3,38,15,50,750
2019-10-04,customer29,Item_3,38,12,60,720
2019-10-04,customer29,Item_30,38,13,28,364
2019-10-04,customer32,Item_29,45,216,45,9720
2019-10-04,customer33,Item_8,46,50,42,2100
2019-10-04,customer33,Item_27,46,102,52,5304
2019-10-05,customer16,Item_7,148,44,22,968
2019-10-05,customer36,Item_18,150,72,67,4824
2019-10-05,customer36,Item_27,150,20,48,960
2019-10-05,customer36,Item_15,150,48,80,3840
2019-10-05,customer36,Item_16,150,106,85,9031
2019-10-05,customer5,Item_9,149,2400,11,27600
2019-10-05,customer16,Item_19,148,50,7,375
2019-10-06,customer57,Item_4,212,60,25,1500
2019-10-06,customer57,Item_4,212,50,32,1600
2019-10-06,customer57,Item_1,212,120,20,2400
2019-10-17,customer90,Item_1,330,600,19,11400
2019-10-17,customer90,Item_4,330,1,10,10
2019-10-17,customer87,Item_3,331,660,38,25080
2019-10-17,customer87,Item_7,331,60,20,1200
2019-10-17,customer87,Item_18,331,12,60,720
2019-10-17,customer69,Item_18,332,228,57,12996
2019-10-17,customer87,Item_2,331,120,23,2790
2019-10-17,customer69,Item_6,332,60,15,945
2019-10-17,customer69,Item_18,332,26,59,1534
2019-10-17,customer69,Item_18,332,60,50,3000
2019-10-17,customer69,Item_29,332,60,33,1980
2019-10-17,customer69,Item_3,332,90,19,1755
2019-10-17,customer69,Item_3,332,10,40,400
2019-10-17,customer87,Item_14,331,12,55,660
2019-10-17,customer87,Item_18,331,72,50,3600
2019-10-18,customer87,Item_27,335,1000,49,49000
2019-10-18,customer74,Item_3,334,30,17,510
2019-10-18,customer74,Item_3,334,10,80,800
2019-10-18,customer74,Item_3,334,45,20,900
2019-10-18,customer20,Item_27,333,1799,46,82754
2019-10-18,customer20,Item_4,333,1,27,27
2019-10-19,customer87,Item_27,336,1000,49,49000
2019-10-19,customer51,Item_27,337,110,48,5280
2019-10-19,customer69,Item_27,338,289,50,14450
2019-10-19,customer69,Item_4,338,2,21,43
2019-10-20,customer85,Item_3,341,300,18,5550
2019-10-20,customer5,Item_27,339,1800,48,86400
2019-10-20,customer85,Item_6,341,2400,15,37800
2019-10-20,customer18,Item_3,340,300,19,5700
2019-10-20,customer85,Item_27,341,60,48,2880
2019-10-21,customer27,Item_4,342,1,10,10
2019-10-21,customer27,Item_6,342,3581,15,53715
2019-10-22,customer105,Item_10,346,1000,11,11750
2019-10-22,customer105,Item_4,345,1,5,5
2019-10-22,customer87,Item_2,344,100,23,2325
2019-10-22,customer27,Item_4,343,4,15,61
2019-10-22,customer27,Item_3,343,1200,43,51600
2019-10-22,customer105,Item_14,345,670,50,33500
2019-10-23,customer52,Item_7,347,80,21,1680
2019-10-25,customer4,Item_6,348,405,17,6885
2019-10-25,customer4,Item_1,348,130,20,2600
2019-10-25,customer4,Item_7,348,205,22,4510
2019-10-26,customer106,Item_18,349,36,60,2160
2019-10-26,customer106,Item_7,349,476,20,9524
2019-10-26,customer106,Item_7,349,1738,20,34760
2019-10-27,customer18,Item_33,350,48,30,1458
2019-10-28,customer68,Item_2,351,100,24,2400
2019-10-30,customer68,Item_7,352,2052,19,38988
2019-10-30,customer68,Item_3,352,1,5,5
2019-11-04,customer26,Item_1,49,120,20,2400
2019-11-04,customer26,Item_31,49,120,26,3120
2019-11-04,customer34,Item_28,48,36,85,3060
2019-11-04,customer34,Item_6,48,440,17,7480
2019-11-04,customer34,Item_2,48,100,24,2400
2019-11-04,customer34,Item_1,48,140,20,2800
2019-11-04,customer34,Item_7,48,188,22,4147
2019-11-04,customer34,Item_27,48,40,52,2080
2019-11-04,customer26,Item_27,49,104,51,5304
2019-11-05,customer5,Item_19,151,2000,7,14000
2019-11-06,customer66,Item_18,213,624,65,40560
2019-11-06,customer77,Item_6,214,70,17,1190
2019-11-06,customer77,Item_3,214,120,22,2640
2019-11-06,customer77,Item_3,214,50,42,2100
2019-11-06,customer77,Item_18,214,24,52,1248
2019-11-06,customer66,Item_7,213,180,22,3960
2019-11-06,customer23,Item_9,215,50,12,600
2019-11-07,customer17,Item_3,270,10,30,300
2019-11-07,customer17,Item_3,270,90,23,2070
2019-11-07,customer17,Item_7,270,1480,22,32571
2019-11-07,customer17,Item_1,270,400,19,7800
2019-11-07,customer17,Item_34,270,90,64,5760
2019-11-07,customer17,Item_34,270,70,64,4480
2019-11-07,customer82,Item_4,269,1,11,11
2019-11-07,customer82,Item_6,269,348,17,5916
2019-11-13,customer44,Item_1,360,50,19,950
2019-11-13,customer108,Item_1,361,200,20,4000
2019-11-13,customer108,Item_6,361,200,17,3400
2019-11-13,customer4,Item_27,362,10,49,490
2019-11-13,customer21,Item_6,363,3435,15,53242
2019-11-13,customer21,Item_3,363,1,11,11
2019-11-13,customer44,Item_6,360,50,16,800
2019-11-13,customer44,Item_7,360,60,21,1260
2019-11-14,customer95,Item_7,364,1392,20,27856
2019-11-15,customer103,Item_38,368,50,45,2250
2019-11-15,customer2,Item_3,366,5,29,145
2019-11-15,customer2,Item_1,366,10,20,200
2019-11-15,customer103,Item_15,368,16,55,880
2019-11-15,customer2,Item_1,366,140,20,2800
2019-11-15,customer97,Item_3,365,1,19,19
2019-11-15,customer97,Item_3,365,3380,18,62530
2019-11-15,customer103,Item_16,368,12,95,1140
2019-11-15,customer103,Item_6,368,220,16,3630
2019-11-15,customer103,Item_18,368,228,75,17137
2019-11-15,customer103,Item_2,368,500,24,12000
2019-11-15,customer103,Item_18,368,439,70,30730
2019-11-15,customer2,Item_7,367,210,19,3990
2019-11-15,customer103,Item_27,368,96,50,4800
2019-11-15,customer103,Item_29,368,300,45,13500
2019-11-15,customer2,Item_6,369,10,16,165
2019-11-15,customer2,Item_6,366,10,17,170
2019-11-15,customer2,Item_2,366,10,22,220
2019-11-16,customer2,Item_6,370,300,16,4950
2019-11-17,customer69,Item_7,371,1096,20,21935
2019-11-17,customer97,Item_20,372,100,8,850
2019-11-17,customer97,Item_2,372,480,21,10320
2019-11-17,customer69,Item_7,371,220,20,4400
2019-11-17,customer69,Item_6,371,10,15,157
2019-11-17,customer69,Item_1,371,800,18,14800
2019-11-17,customer69,Item_2,371,300,23,6900
2019-11-18,customer54,Item_43,373,12,60,735
2019-11-18,customer54,Item_18,373,36,85,3060
2019-11-18,customer54,Item_27,373,230,50,11500
2019-11-18,customer54,Item_43,373,51,75,3862
2019-11-18,customer54,Item_24,373,34,32,1088
2019-11-18,customer54,Item_18,373,87,42,3654
2019-11-18,customer54,Item_2,373,20,24,480
2019-11-18,customer98,Item_27,374,50,52,2600
2019-11-18,customer98,Item_20,374,50,8,425
2019-11-18,customer98,Item_9,374,50,12,600
2019-11-18,customer98,Item_6,374,170,17,2890
2019-11-20,customer12,Item_2,375,1800,22,39600
2019-11-20,customer12,Item_20,375,500,8,4000
2019-11-20,customer12,Item_19,375,500,7,3500
2019-11-20,customer12,Item_9,375,1600,11,18400
2019-11-20,customer12,Item_7,375,268,21,5628
2019-11-20,customer12,Item_27,375,380,48,18240
2019-11-20,customer12,Item_12,375,100,32,3200
2019-11-21,customer38,Item_29,376,1080,36,38880
2019-11-23,customer80,Item_7,378,1426,22,31388
2019-11-23,customer2,Item_6,377,10,17,170
2019-11-24,customer20,Item_3,379,1,14,14
2019-11-24,customer20,Item_6,379,796,15,12338
2019-11-24,customer52,Item_3,380,1,13,13
2019-11-24,customer52,Item_7,380,777,20,15550
2019-11-25,customer107,Item_18,381,48,70,3360
2019-11-25,customer107,Item_18,381,24,70,1680
2019-12-04,customer16,Item_1,51,200,19,3850
2019-12-04,customer8,Item_32,50,22,95,2161
2019-12-04,customer8,Item_3,50,24,52,1248
2019-12-04,customer8,Item_27,50,406,48,19488
2019-12-04,customer8,Item_29,50,648,36,23328
2019-12-04,customer35,Item_27,52,100,52,5200
2019-12-04,customer16,Item_1,51,1200,19,23100
2019-12-04,customer8,Item_8,50,40,38,1520
2019-12-04,customer16,Item_6,51,50,17,850
2019-12-06,customer92,Item_4,218,25,30,750
2019-12-06,customer92,Item_36,218,24,85,2040
2019-12-06,customer92,Item_4,218,60,24,1440
2019-12-06,customer16,Item_18,216,23,70,1610
2019-12-06,customer16,Item_6,216,20,17,340
2019-12-06,customer16,Item_19,216,100,7,750
2019-12-06,customer2,Item_6,217,20,17,340
2019-12-06,customer2,Item_7,217,80,22,1760
2019-12-06,customer92,Item_6,218,140,17,2380
2019-12-07,customer53,Item_3,273,80,25,2000
2019-12-07,customer53,Item_3,273,10,30,300
2019-12-07,customer36,Item_2,271,100,28,2800
2019-12-07,customer101,Item_53,277,300,25,7500
2019-12-07,customer101,Item_2,277,240,23,5640
2019-12-07,customer101,Item_10,277,300,13,4050
2019-12-07,customer53,Item_2,273,120,24,2880
2019-12-07,customer51,Item_9,272,250,11,2875
2019-12-07,customer51,Item_6,272,150,16,2400
2019-12-07,customer51,Item_1,272,600,19,11700
2019-12-07,customer53,Item_3,273,30,40,1200
2019-12-07,customer36,Item_18,271,48,63,3024
2019-12-07,customer36,Item_16,271,12,85,1020
2019-12-07,customer36,Item_34,271,19,63,1197
2019-12-07,customer36,Item_2,271,40,21,840
2019-12-07,customer36,Item_2,271,500,23,11750
2019-12-07,customer36,Item_1,271,320,19,6240
2019-12-07,customer53,Item_3,273,10,35,350
2019-12-07,customer6,Item_1,276,120,19,2340
2019-12-07,customer77,Item_3,275,100,25,2500
2019-12-08,customer68,Item_7,307,2896,21,60816
2019-12-08,customer68,Item_4,307,1,23,23
2019-12-10,customer64,Item_6,329,599,16,10093
2019-12-17,customer63,Item_7,384,173,20,3460
2019-12-17,customer106,Item_7,385,2949,20,58985
2019-12-17,customer2,Item_7,383,20,20,400
2019-12-20,customer106,Item_7,386,3221,20,64428
2019-12-23,customer8,Item_27,387,560,48,26880
2019-12-23,customer8,Item_3,387,20,38,760
2019-12-23,customer8,Item_7,387,80,20,1640
2019-12-23,customer8,Item_3,387,18,65,1170
2019-12-23,customer5,Item_9,389,1000,11,11500
2019-12-23,customer20,Item_7,390,2714,20,55640
2019-12-29,customer110,Item_7,391,2440,22,53680
2019-12-29,customer110,Item_27,391,188,52,9776
2020-01-01,customer87,Item_7,394,420,20,8400
2020-01-01,customer67,Item_4,395,30,20,600
2020-01-01,customer67,Item_4,395,20,35,700
2020-01-01,customer67,Item_4,395,20,45,900
2020-01-01,customer67,Item_4,395,60,31,1860
2020-01-01,customer2,Item_7,393,20,22,440
2020-01-01,customer67,Item_27,395,50,42,2100
2020-01-01,customer67,Item_6,395,700,17,11900
2020-01-01,customer2,Item_6,392,80,16,1295
2020-01-01,customer67,Item_2,395,60,24,1440
2020-01-02,customer98,Item_4,419,1,9,9
2020-01-02,customer98,Item_6,419,616,14,9086
2020-01-07,customer2,Item_7,3,49,20,995
2020-01-10,customer2,Item_6,51,20,15,300
2020-01-11,customer120,Item_11,107,451,35,15787
2020-01-12,customer2,Item_7,153,20,22,440
2020-01-12,customer2,Item_7,154,20,22,440
2020-01-15,customer46,Item_27,403,360,50,18000
2020-01-20,customer98,Item_27,406,547,48,26297
2020-01-20,customer58,Item_7,409,158,21,3328
2020-01-20,customer12,Item_33,404,364,28,10393
2020-01-20,customer98,Item_28,405,138,85,11730
2020-01-20,customer58,Item_27,409,700,48,33600
2020-01-20,customer112,Item_27,407,520,48,24999
2020-01-20,customer54,Item_27,408,300,50,15000
2020-01-23,customer113,Item_18,413,12,65,780
2020-01-23,customer113,Item_2,413,140,23,3290
2020-01-23,customer113,Item_27,413,320,48,15360
2020-01-23,customer69,Item_27,412,114,48,5472
2020-01-23,customer69,Item_18,411,54,70,3780
2020-01-23,customer69,Item_7,411,970,20,19415
2020-01-23,customer113,Item_16,413,24,85,2040
2020-01-23,customer51,Item_4,410,525,20,10500
2020-01-23,customer113,Item_42,413,24,60,1440
2020-01-23,customer113,Item_18,413,34,90,3060
2020-01-23,customer113,Item_3,413,20,40,800
2020-01-23,customer113,Item_18,413,12,35,420
2020-01-23,customer113,Item_18,413,24,75,1800
2020-01-23,customer113,Item_13,413,19,75,1462
2020-01-27,customer68,Item_7,414,2270,20,45410
2020-01-28,customer53,Item_28,415,108,80,8640
2020-01-28,customer53,Item_1,415,360,20,7200
2020-01-28,customer53,Item_58,415,100,23,2300
2020-01-28,customer53,Item_4,415,150,20,3000
2020-01-28,customer12,Item_58,416,1000,23,23000
2020-01-28,customer12,Item_27,416,1462,49,71638
2020-01-28,customer53,Item_48,415,100,33,3360
2020-01-29,customer2,Item_6,417,100,16,1619
2020-01-29,customer2,Item_1,418,50,20,1000
2020-02-09,customer2,Item_6,17,20,16,323
2020-02-10,customer2,Item_7,53,25,20,500
2020-02-10,customer2,Item_1,52,20,20,400
2020-02-11,customer2,Item_2,110,20,19,380
2020-02-11,customer2,Item_7,108,40,19,760
2020-02-11,customer2,Item_14,109,10,45,450
2020-02-12,customer2,Item_27,155,10,50,500
2020-02-12,customer2,Item_27,156,10,50,500
2020-02-17,customer2,Item_7,429,60,21,1290
2020-02-17,customer87,Item_27,430,200,49,9800
2020-03-01,customer111,Item_2,398,60,24,1440
2020-03-01,customer111,Item_28,398,6,85,510
2020-03-01,customer20,Item_6,397,200,16,3300
2020-03-01,customer111,Item_6,398,160,17,2720
2020-03-01,customer111,Item_7,398,200,22,4400
2020-03-01,customer111,Item_27,398,212,52,11024
2020-03-01,customer20,Item_15,397,6,80,480
2020-03-02,customer46,Item_4,420,1,10,10
2020-03-02,customer46,Item_6,420,2691,14,39692
2020-03-02,customer46,Item_6,421,520,16,8320
2020-03-10,customer2,Item_5,54,10,40,400
2020-03-10,customer2,Item_2,55,10,19,190
2020-03-11,customer17,Item_34,115,181,65,11765
2020-03-11,customer2,Item_20,112,100,8,850
2020-03-11,customer2,Item_21,111,20,30,600
2020-03-11,customer2,Item_3,114,15,21,315
2020-03-11,customer68,Item_3,113,1755,21,36855
2020-03-12,customer2,Item_6,157,50,16,800
2020-03-18,customer91,Item_18,436,26,60,1560
2020-03-18,customer91,Item_18,436,12,70,840
2020-03-18,customer91,Item_18,436,48,60,2880
2020-03-18,customer87,Item_27,435,288,49,14112
2020-03-18,customer101,Item_1,434,120,20,2400
2020-03-18,customer91,Item_18,436,47,60,2865
2020-03-18,customer101,Item_58,434,100,24,2400
2020-03-18,customer91,Item_3,436,10,90,900
2020-03-18,customer91,Item_47,436,12,48,619
2020-03-18,customer91,Item_18,436,38,51,1973
2020-03-18,customer91,Item_3,436,10,32,320
2020-03-18,customer91,Item_3,436,10,47,470
2020-03-18,customer91,Item_3,436,20,28,560
2020-03-18,customer101,Item_2,434,120,24,2880
2020-03-18,customer91,Item_3,436,10,85,850
2020-03-18,customer91,Item_18,436,24,60,1440
2020-03-18,customer91,Item_24,436,23,32,740
2020-03-18,customer101,Item_10,434,325,13,4387
2020-03-18,customer91,Item_18,436,22,75,1668
2020-04-10,customer2,Item_34,56,10,60,600
2020-04-12,customer106,Item_27,162,1143,50,57152
2020-04-12,customer88,Item_3,159,156,19,2971
2020-04-12,customer2,Item_6,158,50,16,800
2020-04-12,customer24,Item_7,160,20,22,440
2020-04-12,customer107,Item_18,161,116,35,4081
2020-04-12,customer107,Item_18,161,12,55,709
2020-04-12,customer107,Item_7,161,98,21,2058
2020-04-12,customer24,Item_1,160,400,20,8000
2020-04-12,customer24,Item_18,160,12,74,891
2020-04-12,customer69,Item_2,163,500,19,9500
2020-05-02,customer107,Item_18,425,84,35,2940
2020-05-02,customer107,Item_50,425,48,70,3360
2020-05-02,customer107,Item_18,425,24,95,2280
2020-05-02,customer20,Item_4,424,1,4,4
2020-05-02,customer20,Item_6,424,1036,15,16317
2020-05-02,customer2,Item_6,423,15,16,242
2020-05-02,customer2,Item_6,422,150,16,2428
2020-05-02,customer107,Item_43,425,12,80,960
2020-05-02,customer107,Item_43,425,20,85,1700
2020-05-02,customer107,Item_13,425,41,70,2922
2020-05-02,customer107,Item_39,425,60,75,4500
2020-05-02,customer107,Item_18,425,56,95,5367
2020-05-02,customer107,Item_13,425,149,65,9701
2020-05-02,customer107,Item_59,425,96,65,6240
2020-05-02,customer107,Item_60,425,80,22,1800
2020-05-02,customer107,Item_18,425,24,65,1560
2020-05-02,customer107,Item_18,425,23,65,1511
2020-05-11,customer20,Item_3,118,10,20,209
2020-05-11,customer2,Item_3,116,10,21,210
2020-05-11,customer20,Item_3,118,460,25,11500
2020-05-11,customer20,Item_3,117,4,25,102
2020-05-11,customer20,Item_3,117,2700,21,56700
2020-05-12,customer69,Item_2,164,500,19,9500
2020-05-12,customer106,Item_27,165,1143,50,57152
2020-06-01,customer68,Item_7,399,4156,20,83129
2020-06-01,customer5,Item_7,400,143,21,3008
2020-06-02,customer2,Item_7,426,100,20,2000
2020-06-10,customer2,Item_6,57,10,15,150
2020-06-11,customer2,Item_6,121,20,16,320
2020-06-11,customer68,Item_3,122,1,18,18
2020-06-11,customer20,Item_3,119,1020,40,40800
2020-06-11,customer20,Item_3,119,10,36,367
2020-06-11,customer2,Item_3,120,10,25,250
2020-06-11,customer68,Item_3,122,4470,20,89400
2020-06-12,customer69,Item_18,166,16,55,880
2020-06-12,customer69,Item_2,166,200,19,3800
2020-06-12,customer69,Item_18,166,36,33,1188
2020-06-12,customer69,Item_18,166,20,40,800
2020-06-12,customer69,Item_18,166,41,55,2299
2020-06-12,customer106,Item_7,167,2198,20,43969
2020-06-27,customer2,Item_36,2,10,80,800
2020-06-27,customer2,Item_4,2,50,7,375
2020-06-27,customer26,Item_6,1,768,15,11904
2020-07-01,customer87,Item_24,401,32,32,1024
2020-07-01,customer87,Item_15,401,180,74,13375
2020-07-01,customer87,Item_14,401,60,58,3480
2020-07-01,customer2,Item_6,402,100,16,1619
2020-07-01,customer87,Item_16,401,100,80,8000
2020-07-01,customer87,Item_41,401,242,64,15520
2020-07-01,customer87,Item_41,401,148,77,11396
2020-07-03,customer87,Item_2,432,1200,18,22200
2020-07-03,customer51,Item_4,431,2160,20,43200
2020-07-03,customer87,Item_3,432,30,65,1950
2020-07-03,customer87,Item_3,432,42,55,2310
2020-07-03,customer87,Item_3,432,12,63,756
2020-07-03,customer87,Item_3,432,60,40,2400
2020-07-03,customer87,Item_27,432,472,49,23128
2020-07-03,customer87,Item_3,432,90,20,1800
2020-07-09,customer68,Item_7,19,1036,19,19687
2020-07-09,customer2,Item_7,18,20,21,420
2020-07-11,customer68,Item_33,123,53,30,1617
2020-07-12,customer67,Item_6,170,1300,17,22100
2020-07-12,customer61,Item_3,171,1957,20,39140
2020-07-12,customer106,Item_7,168,3611,20,72238
2020-07-12,customer2,Item_6,169,50,16,800
2020-07-12,customer67,Item_10,170,50,14,700
2020-07-12,customer61,Item_3,171,1,22,22
2020-07-12,customer67,Item_3,170,20,19,381
2020-07-27,customer68,Item_3,8,54,52,2808
2020-07-27,customer68,Item_3,8,19,68,1292
2020-07-27,customer68,Item_3,8,60,21,1260
2020-07-27,customer68,Item_3,8,26,30,780
2020-07-27,customer68,Item_3,8,20,52,1040
2020-07-27,customer68,Item_3,8,16,38,608
2020-08-02,customer23,Item_21,427,160,31,4960
2020-08-07,customer2,Item_7,5,519,20,10394
2020-08-07,customer113,Item_18,4,16,60,960
2020-08-07,customer113,Item_2,4,40,23,940
2020-08-07,customer113,Item_27,4,356,49,17444
2020-08-11,customer2,Item_3,127,20,21,420
2020-08-11,customer2,Item_18,128,100,21,2100
2020-08-11,customer17,Item_34,124,630,65,40950
2020-08-11,customer2,Item_3,126,20,21,420
2020-08-11,customer91,Item_18,125,45,50,2295
2020-08-11,customer91,Item_18,125,167,60,10020
2020-08-27,customer2,Item_6,9,10,16,160
2020-08-28,customer116,Item_7,10,1208,19,22952
2020-08-29,customer2,Item_7,11,192,19,3648
2020-08-30,customer20,Item_7,12,3899,19,74092
2020-08-31,customer2,Item_6,16,110,15,1650
2020-08-31,customer20,Item_34,13,1339,58,77664
2020-08-31,customer20,Item_46,15,366,15,5499
2020-08-31,customer2,Item_7,14,146,18,2642
2020-09-09,customer2,Item_5,20,20,38,760
2020-09-09,customer68,Item_4,21,1,8,8
2020-09-09,customer68,Item_6,21,2218,15,33270
2020-09-09,customer2,Item_34,22,10,52,520
2020-09-12,customer112,Item_34,172,70,65,4550
2020-09-12,customer112,Item_18,172,28,55,1562
2020-09-12,customer112,Item_3,172,683,21,14684
2020-09-12,customer112,Item_3,172,12,55,660
2020-09-12,customer112,Item_18,172,48,80,3860
2020-09-12,customer112,Item_18,172,12,70,840
2020-09-12,customer112,Item_18,172,36,65,2340
2020-09-12,customer112,Item_3,172,120,42,5040
2020-09-14,customer98,Item_4,28,1,10,10
2020-09-14,customer98,Item_6,28,2037,15,30555
2020-09-16,customer2,Item_7,29,18,21,378
2020-09-18,customer2,Item_6,30,20,15,300
2020-09-18,customer2,Item_2,30,15,20,300
2020-09-18,customer2,Item_2,31,19,20,380
2020-09-18,customer2,Item_7,32,24,18,432
2020-09-18,customer2,Item_6,33,30,15,450
2020-09-20,customer2,Item_5,35,15,42,630
2020-09-20,customer2,Item_6,34,32,15,480
2020-09-21,customer2,Item_6,36,50,15,750
2020-09-22,customer4,Item_6,37,920,15,13800
2020-09-22,customer4,Item_4,37,4,9,38
2020-09-23,customer2,Item_7,38,20,18,360
2020-09-23,customer2,Item_7,39,29,18,522
2020-09-23,customer2,Item_2,40,30,23,690
2020-09-24,customer2,Item_2,41,25,19,475
2020-09-24,customer2,Item_27,42,30,49,1470
2020-09-25,customer66,Item_60,43,1064,21,23307
2020-09-25,customer66,Item_60,43,120,23,2862
2020-09-26,customer2,Item_6,45,40,15,600
2020-09-26,customer2,Item_7,44,20,20,400
2020-09-27,customer2,Item_61,48,20,45,900
2020-09-27,customer2,Item_6,46,25,15,375
2020-09-27,customer2,Item_3,49,20,20,400
2020-09-27,customer2,Item_48,47,10,38,380
2020-09-30,customer2,Item_3,50,25,25,625
2020-10-07,customer4,Item_27,6,40,49,1960
2020-10-07,customer4,Item_1,6,140,20,2800
2020-10-07,customer4,Item_6,6,100,17,1700
2020-10-09,customer2,Item_6,23,25,16,400
2020-10-09,customer2,Item_7,24,18,21,378
2020-10-09,customer2,Item_7,25,35,19,665
2020-10-10,customer2,Item_44,58,25,25,625
2020-10-11,customer98,Item_3,134,1,12,12
2020-10-11,customer48,Item_34,131,322,65,20930
2020-10-11,customer121,Item_3,132,1000,24,24000
2020-10-11,customer121,Item_3,132,4,28,112
2020-10-11,customer68,Item_3,133,1000,34,34000
2020-10-11,customer68,Item_3,133,10,36,367
2020-10-11,customer98,Item_3,134,2087,22,45914
2020-10-11,customer2,Item_18,130,10,50,500
2020-10-11,customer2,Item_18,129,10,55,550
2020-10-12,customer2,Item_73,177,1,1250,1250
2020-10-12,customer66,Item_27,174,54,50,2700
2020-10-12,customer62,Item_27,175,34,50,1742
2020-10-12,customer2,Item_72,176,1,1050,1050
2020-10-12,customer20,Item_27,178,220,52,11440
2020-10-12,customer20,Item_3,178,408,22,9180
2020-10-12,customer20,Item_9,178,100,12,1200
2020-10-12,customer20,Item_3,178,1197,21,25735
2020-10-12,customer20,Item_3,178,800,19,15600
2020-10-12,customer20,Item_3,179,2330,21,48930
2020-10-12,customer20,Item_18,179,1,72,72
2020-10-12,customer66,Item_3,180,400,21,8400
2020-10-12,customer66,Item_3,180,2,32,65
2020-10-12,customer2,Item_18,181,20,50,1000
2020-10-12,customer2,Item_33,182,30,30,900
2020-10-12,customer66,Item_3,183,200,20,4000
2020-10-12,customer66,Item_6,183,1200,16,19428
2020-10-12,customer2,Item_20,173,100,8,850
2020-10-16,customer2,Item_6,63,10,15,150
2020-10-16,customer116,Item_27,62,238,48,11543
2020-10-16,customer117,Item_18,66,190,85,16150
2020-10-16,customer2,Item_34,64,5,60,300
2020-10-16,customer2,Item_44,65,20,23,460
2020-10-16,customer117,Item_18,66,155,50,7784
2020-10-16,customer117,Item_7,66,80,20,1600
2020-10-16,customer118,Item_14,67,321,45,14484
2020-10-17,customer2,Item_63,68,10,40,400
2020-10-17,customer2,Item_2,69,10,19,190
2020-10-19,customer119,Item_18,71,84,70,5880
2020-10-19,customer2,Item_15,72,10,65,650
2020-10-19,customer112,Item_16,73,428,80,34304
2020-10-19,customer2,Item_15,70,8,65,520
2020-10-20,customer2,Item_2,79,25,19,475
2020-10-20,customer4,Item_7,75,966,18,17399
2020-10-20,customer2,Item_64,76,1,48,84
2020-10-20,customer2,Item_65,77,7,58,406
2020-10-20,customer2,Item_6,78,50,15,750
2020-10-21,customer2,Item_66,81,18,50,900
2020-10-21,customer2,Item_67,82,12,35,423
2020-10-21,customer2,Item_6,80,10,15,150
2020-10-21,customer2,Item_3,83,30,19,570
2020-10-22,customer2,Item_68,84,1,42,71
2020-10-22,customer2,Item_6,85,20,15,300
2020-10-22,customer2,Item_65,86,9,55,495
2020-10-23,customer2,Item_9,90,100,11,1100
2020-10-23,customer2,Item_34,87,8,60,480
2020-10-23,customer2,Item_69,88,10,18,180
2020-10-23,customer2,Item_27,89,10,48,480
2020-10-27,customer2,Item_44,92,50,22,1100
2020-10-27,customer2,Item_38,91,10,45,450
2020-10-27,customer2,Item_21,93,20,30,600
2020-10-27,customer2,Item_59,94,7,55,385
2020-10-29,customer2,Item_43,95,5,55,275
2020-10-29,customer2,Item_7,98,20,19,380
2020-10-29,customer2,Item_16,96,6,80,480
2020-10-29,customer2,Item_35,97,5,95,475
2020-10-30,customer2,Item_6,100,25,15,375
2020-10-30,customer20,Item_34,103,303,59,17900
2020-10-30,customer2,Item_6,102,25,15,375
2020-10-30,customer2,Item_50,101,5,60,339
2020-10-30,customer2,Item_65,99,4,55,247
2020-10-30,customer2,Item_70,104,10,55,550
2020-10-31,customer2,Item_7,105,20,19,380
2020-10-31,customer2,Item_2,106,15,19,285
2020-11-02,customer114,Item_4,428,1,14,14
2020-11-02,customer114,Item_6,428,3732,15,57846
2020-11-07,customer115,Item_7,7,273,20,5470
2020-11-13,customer98,Item_18,137,72,85,6120
2020-11-16,customer2,Item_6,138,100,15,1500
2020-11-17,customer66,Item_3,139,2000,20,41340
2020-11-18,customer2,Item_3,142,100,21,2100
2020-11-18,customer2,Item_18,141,100,42,4200
2020-11-18,customer30,Item_18,140,50,42,2100
2020-11-18,customer2,Item_3,143,100,21,2100
2020-11-22,customer2,Item_18,144,10,52,520
2020-11-22,customer2,Item_71,145,2,350,700
2020-11-22,customer20,Item_3,146,2000,20,40300
2020-11-22,customer20,Item_3,146,1,3,3
2020-11-23,customer122,Item_27,147,464,52,24128
2020-11-23,customer20,Item_7,148,136,21,2934
2020-11-23,customer20,Item_27,148,42,52,2184
2020-11-23,customer20,Item_6,148,100,16,1600
2020-11-24,customer107,Item_18,149,80,65,5248
2020-11-24,customer107,Item_18,149,16,52,832
2020-11-24,customer107,Item_7,149,178,21,3738
2020-11-24,customer107,Item_18,149,94,75,7087
2020-11-25,customer123,Item_10,150,1000,12,12850
2020-11-25,customer123,Item_9,150,600,11,7140
2020-11-25,customer123,Item_18,150,162,65,10556
2020-11-29,customer2,Item_7,152,20,21,420
2020-11-29,customer2,Item_6,151,100,16,1600
2020-12-03,customer21,Item_4,433,1,11,11
2020-12-03,customer21,Item_3,433,1388,19,26372
2020-12-09,customer2,Item_7,26,29,21,609
2020-12-09,customer98,Item_7,27,3180,19,60422
2020-12-10,customer68,Item_7,61,3355,19,63762
2020-12-10,customer2,Item_6,60,15,15,225
2020-12-10,customer2,Item_62,59,10,35,350
2020-12-11,customer2,Item_18,136,10,50,500
2020-12-11,customer98,Item_3,135,2,21,42
2020-12-11,customer98,Item_3,135,2000,20,40000
2020-12-15,customer68,Item_74,184,518,150,77700
2020-12-15,customer68,Item_18,184,2,69,139
2020-12-15,customer2,Item_33,185,30,30,900
2020-12-16,customer2,Item_6,186,50,16,800
2020-12-18,customer66,Item_27,187,80,50,4072
2020-12-20,customer2,Item_74,188,3,150,450
2020-12-21,customer8,Item_3,189,525,21,11025
2020-12-21,customer8,Item_6,189,550,16,8800
2020-12-21,customer8,Item_2,189,380,23,8835
2020-12-21,customer8,Item_18,189,66,37,2442
2020-12-21,customer8,Item_3,189,30,80,2400
2020-12-21,customer8,Item_18,189,135,104,14040
2020-12-21,customer14,Item_7,190,402,20,8040
2020-12-22,customer2,Item_6,191,20,15,300
2020-12-22,customer2,Item_6,192,50,15,750
2020-12-23,customer2,Item_74,197,2,150,300
2020-12-23,customer2,Item_6,196,20,15,300
2020-12-23,customer68,Item_3,195,2,29,58
2020-12-23,customer2,Item_6,194,20,15,300
2020-12-23,customer2,Item_33,193,30,30,900
2020-12-23,customer68,Item_6,195,1270,15,19050
2020-12-24,customer66,Item_7,198,200,20,4190
2020-12-24,customer66,Item_27,198,90,54,4886
2020-12-25,customer2,Item_3,199,20,19,390
2020-12-26,customer35,Item_7,200,231,23,5313
2020-12-26,customer35,Item_74,200,8,148,1188
2020-12-26,customer35,Item_74,200,7,148,1039
2020-12-27,customer2,Item_3,202,20,20,416
2020-12-27,customer66,Item_3,201,259,21,5439
2020-12-28,customer124,Item_74,203,10,148,1485
2020-12-28,customer2,Item_3,204,15,21,315
2020-12-28,customer66,Item_10,205,2400,14,35040
2020-12-28,customer66,Item_3,205,1,25,25
2020-12-29,customer95,Item_3,209,1,46,46
2020-12-29,customer95,Item_18,209,100,55,5500
2020-12-29,customer125,Item_9,208,600,12,7200
2020-12-29,customer125,Item_9,208,600,11,6900
2020-12-29,customer125,Item_20,208,300,8,2400
2020-12-29,customer125,Item_19,208,300,7,2100
2020-12-29,customer45,Item_3,207,60,32,1920
2020-12-29,customer125,Item_18,208,100,45,4500
2020-12-29,customer45,Item_3,207,25,14,350
2020-12-29,customer45,Item_3,207,5,45,225
2020-12-29,customer45,Item_33,207,24,30,732
2020-12-29,customer45,Item_6,207,120,17,2040
2020-12-29,customer45,Item_3,207,60,20,1200
2020-12-29,customer51,Item_27,206,1000,51,51500
2020-12-29,customer45,Item_6,207,10,17,170
2020-12-30,customer2,Item_3,213,20,20,400
2020-12-30,customer41,Item_3,211,424,20,8480
2020-12-30,customer39,Item_3,212,100,22,2200
2020-12-30,customer30,Item_20,210,100,9,900
2020-12-30,customer30,Item_3,210,60,25,1500
2020-12-31,customer126,Item_3,214,225,23,5175
2020-12-31,customer2,Item_3,215,20,23,460
2021-01-02,customer25,Item_6,327,200,21,4230
2021-01-02,customer35,Item_7,324,204,23,4692
2021-01-02,customer63,Item_19,325,625,7,4687
2021-01-02,customer63,Item_2,325,50,25,1250
2021-01-02,customer63,Item_27,325,20,52,1040
2021-01-02,customer140,Item_4,326,100,26,2643
2021-01-02,customer25,Item_6,327,300,21,6348
2021-01-02,customer35,Item_6,324,150,17,2625
2021-01-13,customer42,Item_3,266,1,18,18
2021-01-13,customer2,Item_3,267,10,18,180
2021-01-13,customer42,Item_3,266,1196,20,23920
2021-01-13,customer6,Item_2,265,600,24,14700
2021-01-13,customer6,Item_3,265,60,32,1920
2021-01-13,customer65,Item_3,264,85,12,1020
2021-01-13,customer6,Item_1,265,20,20,400
2021-01-13,customer65,Item_1,264,220,21,4620
2021-01-13,customer2,Item_3,263,100,23,2300
2021-01-13,customer12,Item_6,262,1440,16,23760
2021-01-13,customer12,Item_9,262,2400,12,28800
2021-01-13,customer65,Item_21,264,90,33,2970
2021-01-13,customer133,Item_9,261,1200,12,14400
2021-01-14,customer8,Item_3,269,12,65,780
2021-01-14,customer2,Item_3,268,10,20,200
2021-01-14,customer8,Item_3,269,36,60,2160
2021-01-14,customer8,Item_3,269,12,65,780
2021-01-14,customer8,Item_3,269,12,60,720
2021-01-14,customer8,Item_3,269,6,80,480
2021-01-14,customer8,Item_7,269,756,21,16254
2021-01-14,customer2,Item_3,270,400,20,8000
2021-01-14,customer8,Item_3,269,360,33,11880
2021-01-15,customer1,Item_3,271,454,20,9080
2021-01-15,customer131,Item_3,272,695,20,13900
2021-01-15,customer131,Item_3,272,2,32,64
2021-01-15,customer127,Item_60,273,897,21,19122
2021-01-16,customer103,Item_7,278,789,23,18152
2021-01-16,customer103,Item_75,278,13,60,780
2021-01-16,customer103,Item_75,278,193,50,9650
2021-01-16,customer103,Item_3,278,20,50,1000
2021-01-16,customer103,Item_3,278,12,50,600
2021-01-16,customer103,Item_3,278,36,55,1980
2021-01-16,customer103,Item_3,278,12,35,420
2021-01-16,customer103,Item_3,278,10,40,400
2021-01-16,customer103,Item_75,278,64,35,2257
2021-01-16,customer103,Item_75,278,61,70,4287
2021-01-16,customer103,Item_3,278,18,48,864
2021-01-16,customer103,Item_3,278,12,45,540
2021-01-16,customer103,Item_3,278,12,70,840
2021-01-16,customer17,Item_24,276,68,35,2397
2021-01-16,customer17,Item_38,276,15,60,900
2021-01-16,customer3,Item_3,274,100,35,3585
2021-01-16,customer134,Item_3,275,188,20,3760
2021-01-16,customer103,Item_75,278,336,45,15120
2021-01-16,customer103,Item_2,277,2000,25,50000
2021-01-16,customer103,Item_6,277,2125,17,36125
2021-01-16,customer103,Item_75,277,92,75,6918
2021-01-16,customer17,Item_7,276,226,22,4983
2021-01-16,customer17,Item_18,276,24,30,747
2021-01-16,customer17,Item_60,276,72,23,1656
2021-01-16,customer103,Item_75,277,12,75,900
2021-01-16,customer17,Item_7,276,2589,22,56958
2021-01-16,customer103,Item_3,278,80,65,5200
2021-01-16,customer3,Item_1,279,20,20,410
2021-01-16,customer103,Item_3,278,59,90,5310
2021-01-16,customer103,Item_75,278,121,95,11566
2021-01-18,customer68,Item_3,280,1890,25,47250
2021-01-19,customer38,Item_3,282,255,22,5737
2021-01-19,customer69,Item_74,281,150,154,23143
2021-01-19,customer69,Item_6,281,300,20,6000
2021-01-19,customer69,Item_74,281,70,148,10399
2021-01-19,customer38,Item_3,282,252,35,8820
2021-01-19,customer38,Item_7,282,1961,21,41181
2021-01-19,customer38,Item_75,282,61,35,2138
2021-01-19,customer38,Item_3,282,145,28,4060
2021-01-19,customer38,Item_7,282,19,21,404
2021-01-20,customer135,Item_27,286,496,50,24825
2021-01-20,customer85,Item_3,283,3240,21,69660
2021-01-20,customer85,Item_3,283,300,28,8400
2021-01-20,customer127,Item_7,284,318,21,6678
2021-01-20,customer66,Item_27,285,150,45,6768
2021-01-21,customer21,Item_27,287,369,50,18456
2021-01-22,customer16,Item_6,288,720,17,12240
2021-01-22,customer16,Item_7,288,160,23,3680
2021-01-22,customer16,Item_1,288,100,20,2000
2021-01-22,customer16,Item_3,288,71,48,3408
2021-01-23,customer69,Item_9,294,200,11,2300
2021-01-23,customer69,Item_33,294,68,48,3264
2021-01-23,customer69,Item_3,294,48,40,1920
2021-01-23,customer69,Item_3,294,244,38,9272
2021-01-23,customer69,Item_3,294,12,30,360
2021-01-23,customer69,Item_3,294,36,35,1260
2021-01-23,customer69,Item_3,294,36,40,1440
2021-01-23,customer69,Item_6,294,230,16,3795
2021-01-23,customer69,Item_1,294,700,19,13650
2021-01-23,customer69,Item_3,294,105,22,2310
2021-01-23,customer42,Item_2,292,828,21,18207
2021-01-23,customer125,Item_27,291,20,52,1040
2021-01-23,customer125,Item_7,291,40,22,880
2021-01-23,customer8,Item_27,290,154,52,8008
2021-01-23,customer8,Item_2,290,360,20,7380
2021-01-23,customer8,Item_75,290,12,83,1016
2021-01-23,customer8,Item_6,290,120,16,1980
2021-01-23,customer131,Item_15,289,187,81,15334
2021-01-23,customer69,Item_3,294,60,33,1980
2021-01-23,customer2,Item_76,293,20,400,8000
2021-01-23,customer136,Item_3,295,1000,20,20000
2021-01-23,customer136,Item_3,295,10,36,367
2021-01-24,customer5,Item_3,296,3320,22,73040
2021-01-24,customer98,Item_4,298,1,20,20
2021-01-24,customer5,Item_18,296,350,30,10500
2021-01-24,customer98,Item_77,298,15,45,675
2021-01-24,customer98,Item_3,298,45,50,2250
2021-01-24,customer98,Item_3,298,12,50,600
2021-01-24,customer98,Item_3,298,12,45,540
2021-01-24,customer98,Item_4,298,418,40,16720
2021-01-24,customer98,Item_2,298,260,25,6500
2021-01-24,customer98,Item_6,298,350,17,5950
2021-01-24,customer135,Item_18,297,11,65,747
2021-01-24,customer135,Item_7,297,40,22,880
2021-01-24,customer135,Item_9,297,150,12,1800
2021-01-24,customer98,Item_4,298,60,32,1920
2021-01-26,customer54,Item_77,300,30,60,1800
2021-01-26,customer54,Item_77,300,36,40,1440
2021-01-26,customer54,Item_27,300,20,55,1100
2021-01-26,customer54,Item_2,300,20,25,500
2021-01-26,customer35,Item_18,301,29,75,2231
2021-01-26,customer35,Item_18,301,54,75,4106
2021-01-26,customer35,Item_60,301,40,25,1006
2021-01-26,customer35,Item_3,301,50,30,1500
2021-01-26,customer35,Item_7,301,400,23,9200
2021-01-26,customer35,Item_6,301,2800,17,47600
2021-01-26,customer54,Item_77,300,20,50,1000
2021-01-26,customer54,Item_18,300,181,68,12308
2021-01-26,customer66,Item_7,299,60,22,1320
2021-01-26,customer66,Item_6,299,65,17,1105
2021-01-26,customer66,Item_77,299,30,50,1500
2021-01-26,customer66,Item_7,299,260,22,5720
2021-01-26,customer66,Item_2,299,120,21,2520
2021-01-26,customer66,Item_18,299,14,90,1282
2021-01-26,customer66,Item_18,299,131,65,8547
2021-01-26,customer66,Item_60,299,24,23,552
2021-01-26,customer66,Item_6,299,525,17,8925
2021-01-26,customer54,Item_18,300,35,60,2136
2021-01-27,customer16,Item_19,302,50,7,375
2021-01-27,customer16,Item_20,302,75,8,637
2021-01-27,customer5,Item_3,303,1000,22,22000
2021-01-27,customer20,Item_74,304,52,159,8290
2021-01-28,customer133,Item_2,306,200,21,4200
2021-01-28,customer11,Item_74,307,87,159,13866
2021-01-28,customer133,Item_6,306,300,16,4950
2021-01-28,customer3,Item_6,309,200,17,3400
2021-01-28,customer133,Item_9,308,1200,12,14400
2021-01-28,customer3,Item_75,309,73,70,5110
2021-01-28,customer133,Item_3,306,2400,23,55200
2021-01-28,customer20,Item_1,305,220,20,4510
2021-01-28,customer20,Item_7,305,318,23,7319
2021-01-28,customer20,Item_3,305,60,24,1440
2021-01-28,customer20,Item_18,305,31,37,1154
2021-01-28,customer20,Item_18,305,174,75,13106
2021-01-28,customer20,Item_6,305,1700,17,28900
2021-01-28,customer20,Item_18,305,132,95,12540
2021-01-28,customer20,Item_2,305,150,22,3300
2021-01-28,customer133,Item_9,306,2400,12,28800
2021-01-29,customer2,Item_74,315,2,160,320
2021-01-29,customer137,Item_4,316,963,21,20223
2021-01-29,customer137,Item_9,316,1,9,9
2021-01-29,customer50,Item_6,317,330,17,5775
2021-01-29,customer23,Item_3,318,1,25,25
2021-01-29,customer23,Item_6,318,555,17,9435
2021-01-29,customer36,Item_33,314,50,30,1524
2021-01-29,customer98,Item_2,319,1330,20,26600
2021-01-29,customer50,Item_7,317,608,23,14000
2021-01-29,customer8,Item_18,313,10,45,472
2021-01-29,customer50,Item_27,317,60,55,3300
2021-01-29,customer69,Item_7,312,1772,21,38108
2021-01-29,customer8,Item_4,313,450,45,20250
2021-01-29,customer60,Item_3,310,78,95,7410
2021-01-29,customer60,Item_19,310,150,7,1125
2021-01-29,customer60,Item_20,310,100,8,850
2021-01-29,customer133,Item_77,311,300,48,14400
2021-01-29,customer60,Item_4,310,50,26,1300
2021-01-29,customer133,Item_27,311,40,55,2200
2021-01-29,customer69,Item_29,312,12,33,396
2021-01-29,customer69,Item_1,312,260,19,5070
2021-01-29,customer69,Item_2,312,170,20,3400
2021-01-29,customer69,Item_77,312,45,48,2160
2021-01-29,customer133,Item_3,311,3240,23,74520
2021-01-30,customer104,Item_6,320,1200,17,20400
2021-01-30,customer138,Item_6,321,120,17,2040
2021-01-30,customer138,Item_2,321,60,25,1530
2021-01-31,customer127,Item_7,323,261,21,5611
2021-01-31,customer127,Item_3,323,2,24,48
2021-01-31,customer127,Item_2,323,30,19,570
2021-01-31,customer127,Item_60,323,116,21,2470
2021-01-31,customer139,Item_4,322,677,20,13540
2021-01-31,customer127,Item_2,323,1200,19,22800
2021-02-01,customer38,Item_7,218,419,20,8604
2021-02-01,customer38,Item_3,218,780,35,27300
2021-02-01,customer128,Item_2,217,180,22,3960
2021-02-01,customer127,Item_7,216,338,20,6765
2021-02-01,customer128,Item_6,217,222,17,3774
2021-02-02,customer8,Item_18,328,60,38,2280
2021-02-02,customer8,Item_7,328,694,21,14921
2021-02-02,customer141,Item_3,329,66,95,6270
2021-02-02,customer23,Item_4,330,200,20,4000
2021-02-02,customer23,Item_3,330,2,35,70
2021-03-01,customer14,Item_2,219,50,20,1047
2021-03-01,customer15,Item_18,221,199,52,10363
2021-03-01,customer6,Item_1,224,120,20,2400
2021-03-01,customer6,Item_3,224,150,23,3450
2021-03-01,customer21,Item_1,223,10,21,210
2021-03-01,customer21,Item_3,223,30,23,690
2021-03-01,customer21,Item_3,223,20,24,480
2021-03-01,customer21,Item_1,223,180,21,3780
2021-03-01,customer2,Item_3,222,450,20,9000
2021-03-01,customer15,Item_18,221,82,42,3456
2021-03-01,customer15,Item_3,220,300,25,7500
2021-03-01,customer15,Item_3,220,12,35,420
2021-03-01,customer15,Item_3,220,24,40,960
2021-03-01,customer6,Item_2,225,120,25,3000
2021-03-01,customer15,Item_3,220,24,60,1440
2021-03-01,customer15,Item_3,220,240,22,5280
2021-03-01,customer15,Item_6,220,320,17,5440
2021-03-01,customer15,Item_1,220,240,20,4800
2021-03-01,customer15,Item_3,220,200,25,5000
2021-03-01,customer15,Item_3,220,120,33,3960
2021-03-01,customer14,Item_7,219,140,20,2934
2021-03-01,customer14,Item_6,219,320,16,5180
2021-03-01,customer15,Item_3,220,300,32,9600
2021-03-01,customer2,Item_4,226,60,35,2100
2021-04-01,customer53,Item_18,231,84,85,7140
2021-04-01,customer53,Item_1,231,520,21,10920
2021-04-01,customer53,Item_2,231,360,22,7920
2021-04-01,customer103,Item_2,230,240,25,6000
2021-04-01,customer36,Item_3,229,24,45,1080
2021-04-01,customer36,Item_4,229,150,22,3300
2021-04-01,customer36,Item_18,229,62,55,3459
2021-04-01,customer53,Item_18,231,74,125,9250
2021-04-01,customer53,Item_18,231,48,32,1552
2021-04-01,customer53,Item_19,231,100,7,750
2021-04-01,customer53,Item_20,231,100,8,850
2021-04-01,customer53,Item_2,231,320,25,8000
2021-04-01,customer36,Item_18,229,18,80,1440
2021-04-01,customer36,Item_18,229,16,45,720
2021-04-01,customer36,Item_18,229,36,80,2880
2021-04-01,customer36,Item_18,229,91,65,5915
2021-04-01,customer36,Item_18,229,16,80,1280
2021-04-01,customer36,Item_18,229,81,65,5281
2021-04-01,customer36,Item_2,229,600,24,14400
2021-04-01,customer97,Item_27,228,1526,55,83951
2021-04-01,customer35,Item_74,227,13,148,1931
2021-04-01,customer35,Item_6,227,90,17,1530
2021-04-02,customer17,Item_34,331,500,70,35000
2021-04-02,customer5,Item_1,332,2400,20,48000
2021-05-01,customer98,Item_27,236,20,57,1140
2021-05-01,customer130,Item_18,234,24,100,2400
2021-05-01,customer2,Item_6,235,10,17,170
2021-05-01,customer2,Item_33,235,24,30,744
2021-05-01,customer2,Item_6,235,170,17,2890
2021-05-01,customer130,Item_3,234,15,23,345
2021-05-01,customer130,Item_3,234,20,40,800
2021-05-01,customer130,Item_3,234,20,55,1100
2021-05-01,customer130,Item_3,234,25,50,1250
2021-05-01,customer98,Item_9,236,25,13,325
2021-05-01,customer130,Item_3,234,12,75,900
2021-05-01,customer130,Item_3,234,25,40,1000
2021-05-01,customer98,Item_33,236,25,30,756
2021-05-01,customer130,Item_18,234,24,65,1560
2021-05-01,customer104,Item_6,233,1200,16,19800
2021-05-01,customer130,Item_18,234,52,70,3640
2021-05-01,customer130,Item_4,234,20,22,440
2021-05-01,customer130,Item_33,234,51,28,1439
2021-05-01,customer129,Item_3,232,24,40,960
2021-05-01,customer129,Item_3,232,25,45,1125
2021-05-01,customer129,Item_3,232,80,23,1840
2021-05-01,customer129,Item_3,232,12,45,540
2021-05-01,customer129,Item_3,232,70,57,3990
2021-05-01,customer129,Item_3,232,100,25,2500
2021-05-01,customer98,Item_18,236,78,125,9750
2021-05-01,customer98,Item_2,236,45,25,1125
2021-05-01,customer98,Item_18,236,72,85,6120
2021-05-01,customer98,Item_18,236,29,85,2528
2021-05-01,customer130,Item_18,234,64,90,5760
2021-05-01,customer98,Item_6,236,30,17,510
2021-05-02,customer16,Item_7,334,220,23,5060
2021-05-02,customer129,Item_2,333,340,25,8670
2021-05-02,customer16,Item_33,334,123,30,3702
2021-06-01,customer131,Item_18,237,177,48,8534
2021-06-01,customer131,Item_18,237,25,100,2575
2021-06-01,customer131,Item_2,237,910,21,19110
2021-06-01,customer20,Item_9,239,85,13,1105
2021-06-01,customer20,Item_3,239,10,40,400
2021-06-01,customer20,Item_3,239,10,50,500
2021-06-01,customer20,Item_3,239,30,23,690
2021-06-01,customer20,Item_18,239,16,85,1360
2021-06-01,customer20,Item_3,239,36,70,2520
2021-06-01,customer20,Item_18,239,62,75,4650
2021-06-01,customer20,Item_27,239,20,55,1100
2021-06-01,customer20,Item_18,239,279,90,25155
2021-06-01,customer20,Item_6,239,1200,17,20400
2021-06-01,customer20,Item_1,239,320,20,6560
2021-06-01,customer2,Item_3,238,100,20,2000
2021-06-01,customer131,Item_7,237,1831,22,40293
2021-06-01,customer131,Item_3,237,12,40,480
2021-06-01,customer131,Item_3,237,30,50,1500
2021-06-01,customer131,Item_27,237,20,57,1140
2021-06-01,customer20,Item_11,239,32,42,1344
2021-07-01,customer18,Item_27,243,140,52,7280
2021-07-01,customer18,Item_1,243,400,21,8400
2021-07-01,customer18,Item_2,243,180,25,4500
2021-07-01,customer18,Item_7,243,260,22,5720
2021-07-01,customer66,Item_6,242,1160,16,19337
2021-07-01,customer20,Item_74,241,50,148,7428
2021-07-01,customer20,Item_2,240,1000,22,22000
2021-07-01,customer20,Item_3,240,520,22,11440
2021-07-01,customer20,Item_27,240,118,55,6490
2021-08-01,customer36,Item_27,244,40,52,2080
2021-08-01,customer36,Item_3,244,30,30,900
2021-08-01,customer38,Item_3,245,1500,20,30750
2021-08-01,customer38,Item_7,245,85,20,1752
2021-08-01,customer3,Item_3,246,1200,23,27600
2021-09-01,customer40,Item_18,250,118,70,8295
2021-09-01,customer40,Item_18,250,45,70,3150
2021-09-01,customer40,Item_18,250,67,90,6097
2021-09-01,customer40,Item_18,250,12,55,709
2021-09-01,customer40,Item_2,250,130,20,2600
2021-09-01,customer40,Item_3,250,55,56,3096
2021-09-01,customer40,Item_3,250,12,50,600
2021-09-01,customer40,Item_3,250,12,45,540
2021-09-01,customer40,Item_3,250,12,40,480
2021-09-01,customer58,Item_3,249,12,50,600
2021-09-01,customer40,Item_3,250,50,40,2000
2021-09-01,customer40,Item_3,250,165,23,3795
2021-09-01,customer58,Item_3,249,24,40,960
2021-09-01,customer58,Item_18,249,11,55,605
2021-09-01,customer58,Item_3,249,105,23,2415
2021-09-01,customer58,Item_18,249,53,55,2959
2021-09-01,customer58,Item_18,249,12,65,780
2021-09-01,customer58,Item_27,249,20,55,1100
2021-09-01,customer58,Item_18,249,11,70,770
2021-09-01,customer58,Item_18,249,33,70,2310
2021-09-01,customer58,Item_18,249,35,90,3195
2021-09-01,customer2,Item_3,248,15,20,300
2021-09-01,customer69,Item_18,247,16,38,608
2021-09-01,customer69,Item_29,247,60,33,1980
2021-09-01,customer69,Item_74,247,120,148,17828
2021-09-01,customer58,Item_3,249,50,40,2000
2021-11-01,customer2,Item_3,254,30,23,690
2021-11-01,customer35,Item_2,252,20,25,500
2021-11-01,customer35,Item_27,252,60,57,3420
2021-11-01,customer2,Item_3,253,20,23,460
2021-11-01,customer112,Item_3,251,1,15,15
2021-11-01,customer112,Item_3,251,712,20,14240
2021-11-01,customer35,Item_3,252,354,23,8142
2021-12-01,customer133,Item_6,260,1200,16,19800
2021-12-01,customer133,Item_18,260,204,70,14280
2021-12-01,customer133,Item_27,260,59,55,3245
2021-12-01,customer39,Item_3,259,1,25,25
2021-12-01,customer39,Item_3,259,645,20,12900
2021-12-01,customer2,Item_3,258,10,25,250
2021-12-01,customer61,Item_3,257,375,25,9375
2021-12-01,customer61,Item_3,257,654,23,15042
2021-12-01,customer36,Item_29,256,24,35,840
2021-12-01,customer36,Item_3,256,24,40,960
2021-12-01,customer36,Item_3,256,24,45,1080
2021-12-01,customer36,Item_1,256,720,20,14400
2021-12-01,customer132,Item_3,255,1,13,13
2021-12-01,customer132,Item_3,255,958,20,19160
2021-12-01,customer133,Item_3,260,900,23,20700
2021-12-01,customer61,Item_27,257,30,57,1710
2021-12-01,customer133,Item_2,260,1200,21,25200
